-- MySQL Administrator dump 1.4
--
-- ------------------------------------------------------
-- Server version	5.0.41-community-nt


/*!40101 SET @OLD_CHARACTER_SET_CLIENT=@@CHARACTER_SET_CLIENT */;
/*!40101 SET @OLD_CHARACTER_SET_RESULTS=@@CHARACTER_SET_RESULTS */;
/*!40101 SET @OLD_COLLATION_CONNECTION=@@COLLATION_CONNECTION */;
/*!40101 SET NAMES utf8 */;

/*!40014 SET @OLD_UNIQUE_CHECKS=@@UNIQUE_CHECKS, UNIQUE_CHECKS=0 */;
/*!40014 SET @OLD_FOREIGN_KEY_CHECKS=@@FOREIGN_KEY_CHECKS, FOREIGN_KEY_CHECKS=0 */;
/*!40101 SET @OLD_SQL_MODE=@@SQL_MODE, SQL_MODE='NO_AUTO_VALUE_ON_ZERO' */;


--
-- Create schema elim
--

CREATE DATABASE IF NOT EXISTS elim;
USE elim;

--
-- Definition of table caregiver
--

DROP TABLE IF EXISTS caregiver;
CREATE TABLE caregiver (
  idCaregiver int(11) NOT NULL,
  Person_id int(11) NOT NULL,
  PRIMARY KEY  (idCaregiver),
  KEY fk_Caregiver_Person1 (Person_id)
) ENGINE=InnoDB DEFAULT CHARSET=latin1;

--
-- Dumping data for table caregiver
--

/*!40000 ALTER TABLE caregiver DISABLE KEYS */;
/*!40000 ALTER TABLE caregiver ENABLE KEYS */;


--
-- Definition of table children
--

DROP TABLE IF EXISTS children;
CREATE TABLE children (
  idChildren int(11) NOT NULL,
  idParent int(11) default NULL,
  idChild int(11) default NULL,
  Person_id int(11) NOT NULL,
  Person_id1 int(11) NOT NULL,
  PRIMARY KEY  (idChildren),
  KEY fk_Children_Person1 (Person_id),
  KEY fk_Children_Person2 (Person_id1)
) ENGINE=InnoDB DEFAULT CHARSET=latin1;

--
-- Dumping data for table children
--

/*!40000 ALTER TABLE children DISABLE KEYS */;
/*!40000 ALTER TABLE children ENABLE KEYS */;


--
-- Definition of table input
--

DROP TABLE IF EXISTS input;
CREATE TABLE input (
  id int(11) NOT NULL,
  default_value varchar(255) default NULL,
  description varchar(255) default NULL,
  encrypted tinyint(4) NOT NULL,
  format varchar(255) default NULL,
  id_item int(11) default NULL,
  name varchar(255) default NULL,
  required tinyint(4) NOT NULL,
  PRIMARY KEY  (id)
) ENGINE=InnoDB DEFAULT CHARSET=latin1;

--
-- Dumping data for table input
--

/*!40000 ALTER TABLE input DISABLE KEYS */;
/*!40000 ALTER TABLE input ENABLE KEYS */;


--
-- Definition of table item_inputs
--

DROP TABLE IF EXISTS item_inputs;
CREATE TABLE item_inputs (
  id int(11) NOT NULL,
  id_item int(11) default NULL,
  id_input int(11) default NULL,
  PRIMARY KEY  (id),
  KEY FKD7D4189544A77ABB (id_input),
  CONSTRAint FKD7D4189544A77ABB FOREIGN KEY (id_input) REFERENCES input (id)
) ENGINE=InnoDB DEFAULT CHARSET=latin1;

--
-- Dumping data for table item_inputs
--

/*!40000 ALTER TABLE item_inputs DISABLE KEYS */;
/*!40000 ALTER TABLE item_inputs ENABLE KEYS */;


--
-- Definition of table minister
--

DROP TABLE IF EXISTS minister;
CREATE TABLE minister (
  idMinister int(11) NOT NULL,
  Person_id int(11) NOT NULL,
  PRIMARY KEY  (idMinister),
  KEY fk_Minister_Person1 (Person_id)
) ENGINE=InnoDB DEFAULT CHARSET=latin1;

--
-- Dumping data for table minister
--

/*!40000 ALTER TABLE minister DISABLE KEYS */;
/*!40000 ALTER TABLE minister ENABLE KEYS */;


--
-- Definition of table parishioner
--

DROP TABLE IF EXISTS parishioner;
CREATE TABLE parishioner (
  id_parishioner int(11) NOT NULL,
  Baptism_Date date default NULL,
  Holy_Spirit_Baptism date default NULL,
  Baptist int(11) default NULL,
  Church varchar(45) default NULL,
  PRIMARY KEY  USING BTREE (id_parishioner),
  KEY baptist_fk (Baptist),
  CONSTRAint baptist_fk FOREIGN KEY (Baptist) REFERENCES person (id_person),
  CONSTRAint person_fk FOREIGN KEY (id_parishioner) REFERENCES person (id_person)
) ENGINE=InnoDB DEFAULT CHARSET=latin1;

--
-- Dumping data for table parishioner
--

/*!40000 ALTER TABLE parishioner DISABLE KEYS */;
INSERT intO parishioner (id_parishioner,Baptism_Date,Holy_Spirit_Baptism,Baptist,Church) VALUES 
 (749,'1988-05-29',NULL,NULL,'elim'),
 (750,'1992-04-19',NULL,NULL,'elim'),
 (751,'1975-04-20',NULL,NULL,'betel'),
 (752,'1977-06-19',NULL,NULL,'elim'),
 (753,'1974-07-01',NULL,NULL,'elim'),
 (754,'1997-08-23',NULL,NULL,'betel'),
 (755,'1995-05-28',NULL,NULL,'elim'),
 (756,'1991-01-01',NULL,NULL,'elim'),
 (757,'1995-04-16',NULL,NULL,'betel'),
 (758,'1988-01-10',NULL,NULL,'elim'),
 (759,'1976-10-15',NULL,NULL,'elim'),
 (760,NULL,NULL,NULL,'elim'),
 (761,'1994-04-17',NULL,NULL,'elim'),
 (762,'1990-11-12',NULL,NULL,'elim'),
 (763,'1982-05-30',NULL,NULL,'elim'),
 (764,'1996-04-07',NULL,NULL,'elim'),
 (765,'1977-06-15',NULL,NULL,'elim'),
 (766,NULL,NULL,NULL,'elim'),
 (767,'1967-08-06',NULL,NULL,'elim'),
 (768,'1974-04-18',NULL,NULL,'elim'),
 (769,'1974-07-19',NULL,NULL,'elim'),
 (770,'1988-12-18',NULL,NULL,'elim'),
 (771,'1971-05-18',NULL,NULL,'elim'),
 (772,'1946-06-17',NULL,NULL,'elim'),
 (773,'1992-05-10',NULL,NULL,'elim'),
 (774,'1945-07-24',NULL,NULL,''),
 (775,'1983-11-15',NULL,NULL,''),
 (776,'1991-03-31',NULL,NULL,''),
 (777,'1958-05-01',NULL,NULL,''),
 (778,'1958-05-01',NULL,NULL,''),
 (779,'1959-07-28',NULL,NULL,'elim'),
 (780,'1948-09-20',NULL,NULL,''),
 (781,'1959-07-19',NULL,NULL,''),
 (782,'1959-06-11',NULL,NULL,''),
 (783,'1963-06-03',NULL,NULL,''),
 (784,'1950-07-14',NULL,NULL,''),
 (785,'1950-07-14',NULL,NULL,''),
 (786,'1950-05-15',NULL,NULL,'elim'),
 (787,'1959-06-01',NULL,NULL,''),
 (788,'1961-06-11',NULL,NULL,''),
 (789,'1978-06-18',NULL,NULL,''),
 (790,'1967-02-01',NULL,NULL,'elim'),
 (791,'1950-07-19',NULL,NULL,''),
 (792,'1954-11-24',NULL,NULL,''),
 (793,'1971-05-01',NULL,NULL,''),
 (794,'1974-06-01',NULL,NULL,''),
 (795,'1975-07-31',NULL,NULL,''),
 (796,'1976-05-30',NULL,NULL,''),
 (797,'1975-07-01',NULL,NULL,''),
 (798,'1971-04-12',NULL,NULL,''),
 (799,'1969-01-21',NULL,NULL,''),
 (800,'1964-06-24',NULL,NULL,''),
 (801,'1967-06-15',NULL,NULL,''),
 (802,'1969-08-24',NULL,NULL,''),
 (803,'1970-05-15',NULL,NULL,''),
 (804,'1972-12-13',NULL,NULL,''),
 (805,'1972-04-01',NULL,NULL,''),
 (806,'1994-04-20',NULL,NULL,''),
 (807,'1979-06-10',NULL,NULL,''),
 (808,'1978-09-04',NULL,NULL,''),
 (809,'1975-04-15',NULL,NULL,''),
 (810,'1979-06-10',NULL,NULL,''),
 (811,'1979-06-10',NULL,NULL,''),
 (812,'1976-01-01',NULL,NULL,''),
 (813,'1970-06-15',NULL,NULL,''),
 (814,'1974-08-02',NULL,NULL,''),
 (815,'1975-06-23',NULL,NULL,''),
 (816,'1975-04-22',NULL,NULL,''),
 (817,'1977-08-15',NULL,NULL,''),
 (818,'1973-06-15',NULL,NULL,''),
 (819,'1950-07-15',NULL,NULL,''),
 (820,'1954-06-20',NULL,NULL,''),
 (821,'1976-05-15',NULL,NULL,''),
 (822,'1972-06-15',NULL,NULL,''),
 (823,'1977-09-01',NULL,NULL,''),
 (824,'1977-06-15',NULL,NULL,''),
 (825,'1980-05-25',NULL,NULL,''),
 (826,'1971-04-01',NULL,NULL,''),
 (827,'1966-06-15',NULL,NULL,''),
 (828,'1980-05-25',NULL,NULL,''),
 (829,'1978-07-18',NULL,NULL,''),
 (830,'1980-05-25',NULL,NULL,''),
 (831,'1973-10-10',NULL,NULL,''),
 (832,'1980-01-01',NULL,NULL,''),
 (833,'1980-11-30',NULL,NULL,''),
 (834,'1980-11-30',NULL,NULL,''),
 (835,'1974-04-01',NULL,NULL,''),
 (836,'1971-09-13',NULL,NULL,''),
 (837,'1980-12-07',NULL,NULL,''),
 (838,'1980-10-26',NULL,NULL,''),
 (839,'1960-08-01',NULL,NULL,''),
 (840,'1960-08-01',NULL,NULL,''),
 (841,'1954-05-01',NULL,NULL,''),
 (842,'1981-06-28',NULL,NULL,''),
 (843,'1968-07-06',NULL,NULL,''),
 (844,'1972-05-06',NULL,NULL,''),
 (845,'1981-11-15',NULL,NULL,''),
 (846,'1981-11-15',NULL,NULL,''),
 (847,'1957-03-25',NULL,NULL,''),
 (848,'1982-03-21',NULL,NULL,''),
 (849,'1961-01-01',NULL,NULL,''),
 (850,'1992-09-01',NULL,NULL,''),
 (851,'1980-03-29',NULL,NULL,''),
 (852,'1966-08-15',NULL,NULL,''),
 (853,'1975-04-25',NULL,NULL,''),
 (854,'1974-08-25',NULL,NULL,''),
 (855,'1995-07-13',NULL,NULL,''),
 (856,'1994-12-18',NULL,NULL,''),
 (857,'1994-12-20',NULL,NULL,''),
 (858,'1994-12-11',NULL,NULL,''),
 (859,'1995-12-17',NULL,NULL,''),
 (860,'1997-04-20',NULL,NULL,''),
 (861,'1993-11-07',NULL,NULL,''),
 (862,'1993-06-06',NULL,NULL,''),
 (863,'1992-11-01',NULL,NULL,''),
 (864,'1974-04-01',NULL,NULL,''),
 (865,'1986-01-01',NULL,NULL,''),
 (866,'1994-04-17',NULL,NULL,''),
 (867,'1972-01-01',NULL,NULL,''),
 (868,'1983-09-11',NULL,NULL,''),
 (869,'1974-05-15',NULL,NULL,''),
 (870,'1982-07-06',NULL,NULL,''),
 (871,'1977-06-22',NULL,NULL,''),
 (872,'1977-06-25',NULL,NULL,''),
 (873,'1997-04-20',NULL,NULL,''),
 (874,'1969-05-01',NULL,NULL,''),
 (875,'1967-09-15',NULL,NULL,''),
 (876,'1967-09-15',NULL,NULL,''),
 (877,'1983-09-11',NULL,NULL,''),
 (878,'1974-09-10',NULL,NULL,''),
 (879,'1979-06-10',NULL,NULL,''),
 (880,'1978-07-10',NULL,NULL,''),
 (881,'1976-05-10',NULL,NULL,''),
 (882,'1977-05-20',NULL,NULL,''),
 (883,'1972-06-08',NULL,NULL,''),
 (884,'1981-06-09',NULL,NULL,''),
 (885,'1984-07-11',NULL,NULL,''),
 (886,'1984-07-11',NULL,NULL,''),
 (887,'1974-07-15',NULL,NULL,''),
 (888,'1955-05-15',NULL,NULL,''),
 (889,'1975-04-20',NULL,NULL,''),
 (890,'1975-08-15',NULL,NULL,''),
 (891,'1985-10-12',NULL,NULL,''),
 (892,'1972-07-15',NULL,NULL,''),
 (893,'1968-08-15',NULL,NULL,''),
 (894,'1984-04-15',NULL,NULL,''),
 (895,'1986-07-27',NULL,NULL,''),
 (896,'1987-04-12',NULL,NULL,''),
 (897,'1972-01-01',NULL,NULL,''),
 (898,'1991-03-31',NULL,NULL,''),
 (899,'1975-06-07',NULL,NULL,''),
 (900,'1988-04-17',NULL,NULL,''),
 (901,'1988-04-26',NULL,NULL,''),
 (902,'1988-05-29',NULL,NULL,''),
 (903,'1962-01-01',NULL,NULL,''),
 (904,'1994-12-18',NULL,NULL,''),
 (905,'1989-11-19',NULL,NULL,''),
 (906,'1979-06-26',NULL,NULL,''),
 (907,'1979-06-25',NULL,NULL,''),
 (908,'1956-06-01',NULL,NULL,''),
 (909,'1978-01-01',NULL,NULL,''),
 (910,NULL,NULL,NULL,''),
 (911,NULL,NULL,NULL,''),
 (912,'1988-08-16',NULL,NULL,''),
 (913,'1976-01-01',NULL,NULL,''),
 (914,'1987-07-19',NULL,NULL,''),
 (915,'1958-06-20',NULL,NULL,''),
 (916,'1991-03-31',NULL,NULL,''),
 (917,'1991-03-22',NULL,NULL,''),
 (918,'1991-05-26',NULL,NULL,''),
 (919,'1983-01-01',NULL,NULL,''),
 (920,'1980-12-21',NULL,NULL,''),
 (921,'1987-04-12',NULL,NULL,''),
 (922,'1985-07-14',NULL,NULL,''),
 (923,'1991-03-30',NULL,NULL,''),
 (924,'1991-05-26',NULL,NULL,''),
 (925,'1991-08-31',NULL,NULL,''),
 (926,'1991-08-31',NULL,NULL,''),
 (927,'1984-01-01',NULL,NULL,''),
 (928,'1984-09-09',NULL,NULL,''),
 (929,'1977-05-01',NULL,NULL,''),
 (930,'1973-05-01',NULL,NULL,''),
 (931,'1900-01-01',NULL,NULL,''),
 (932,'1982-07-01',NULL,NULL,''),
 (933,'1990-12-23',NULL,NULL,''),
 (934,'1991-11-02',NULL,NULL,''),
 (935,'1985-04-21',NULL,NULL,''),
 (936,'1990-04-20',NULL,NULL,''),
 (937,'1977-01-01',NULL,NULL,''),
 (938,'1990-10-15',NULL,NULL,''),
 (939,'1967-08-10',NULL,NULL,''),
 (940,'1992-04-19',NULL,NULL,''),
 (941,'1992-10-19',NULL,NULL,''),
 (942,'1992-05-10',NULL,NULL,''),
 (943,'1992-05-10',NULL,NULL,''),
 (944,'1992-05-10',NULL,NULL,''),
 (945,'1992-05-10',NULL,NULL,''),
 (946,'1992-05-10',NULL,NULL,''),
 (947,'1992-05-10',NULL,NULL,''),
 (948,'1992-05-10',NULL,NULL,''),
 (949,'1992-11-01',NULL,NULL,''),
 (950,'1992-11-01',NULL,NULL,''),
 (951,'1982-12-20',NULL,NULL,''),
 (952,'1972-08-17',NULL,NULL,''),
 (953,'1980-11-15',NULL,NULL,''),
 (954,'1991-03-30',NULL,NULL,''),
 (955,NULL,NULL,NULL,''),
 (956,'1972-07-16',NULL,NULL,''),
 (957,'1990-11-11',NULL,NULL,''),
 (958,'1990-11-11',NULL,NULL,''),
 (959,'1985-01-01',NULL,NULL,''),
 (960,'1990-12-23',NULL,NULL,''),
 (961,NULL,NULL,NULL,''),
 (962,'1988-04-01',NULL,NULL,''),
 (963,'1992-10-04',NULL,NULL,''),
 (964,NULL,NULL,NULL,''),
 (965,NULL,NULL,NULL,''),
 (966,NULL,NULL,NULL,''),
 (967,'1971-12-12',NULL,NULL,''),
 (968,'1972-10-21',NULL,NULL,''),
 (969,'1990-11-11',NULL,NULL,''),
 (970,NULL,NULL,NULL,''),
 (971,'1982-03-15',NULL,NULL,''),
 (972,'1990-12-23',NULL,NULL,''),
 (973,'1991-12-23',NULL,NULL,''),
 (974,'1981-06-10',NULL,NULL,''),
 (975,'1984-04-19',NULL,NULL,''),
 (976,'1993-06-06',NULL,NULL,''),
 (977,'1993-06-06',NULL,NULL,''),
 (978,'1993-06-06',NULL,NULL,''),
 (979,'1993-06-06',NULL,NULL,''),
 (980,'1993-06-06',NULL,NULL,''),
 (981,'1993-06-06',NULL,NULL,''),
 (982,'1993-06-06',NULL,NULL,''),
 (983,'1993-06-06',NULL,NULL,''),
 (984,'1993-06-06',NULL,NULL,''),
 (985,'1993-06-06',NULL,NULL,''),
 (986,'1993-06-06',NULL,NULL,''),
 (987,'1993-04-24',NULL,NULL,''),
 (988,NULL,NULL,NULL,''),
 (989,'1982-07-18',NULL,NULL,''),
 (990,NULL,NULL,NULL,''),
 (991,'1992-12-20',NULL,NULL,''),
 (992,NULL,NULL,NULL,''),
 (993,NULL,NULL,NULL,''),
 (994,'1993-11-07',NULL,NULL,''),
 (995,'1993-11-07',NULL,NULL,''),
 (996,'1993-11-07',NULL,NULL,''),
 (997,'1994-01-15',NULL,NULL,''),
 (998,'1978-05-10',NULL,NULL,''),
 (999,'1972-07-06',NULL,NULL,''),
 (1000,'1967-08-20',NULL,NULL,''),
 (1001,'1974-04-15',NULL,NULL,''),
 (1002,'1994-04-24',NULL,NULL,''),
 (1003,'1994-04-24',NULL,NULL,''),
 (1004,'1987-01-01',NULL,NULL,''),
 (1005,'1985-04-01',NULL,NULL,''),
 (1006,'1993-04-01',NULL,NULL,''),
 (1007,'1974-10-01',NULL,NULL,''),
 (1008,'1974-01-01',NULL,NULL,''),
 (1009,'1980-01-01',NULL,NULL,''),
 (1010,'1992-08-01',NULL,NULL,''),
 (1011,'1994-09-03',NULL,NULL,''),
 (1012,'1994-09-03',NULL,NULL,''),
 (1013,'1994-09-03',NULL,NULL,''),
 (1014,'1983-07-07',NULL,NULL,''),
 (1015,'1994-09-03',NULL,NULL,''),
 (1016,'1996-08-25',NULL,NULL,''),
 (1017,'1984-01-01',NULL,NULL,''),
 (1018,'1985-01-01',NULL,NULL,''),
 (1019,'1988-01-01',NULL,NULL,''),
 (1020,'1990-12-20',NULL,NULL,''),
 (1021,'1978-01-01',NULL,NULL,''),
 (1022,'1976-05-30',NULL,NULL,''),
 (1023,'1973-08-12',NULL,NULL,''),
 (1024,'1995-01-27',NULL,NULL,''),
 (1025,'1971-01-01',NULL,NULL,''),
 (1026,'1969-01-01',NULL,NULL,''),
 (1027,'1995-04-16',NULL,NULL,''),
 (1028,'1995-04-16',NULL,NULL,''),
 (1029,'1995-04-16',NULL,NULL,''),
 (1030,'1995-04-16',NULL,NULL,''),
 (1031,'1995-04-16',NULL,NULL,''),
 (1032,'1995-04-16',NULL,NULL,''),
 (1033,'1985-01-01',NULL,NULL,''),
 (1034,'1977-07-15',NULL,NULL,''),
 (1035,'1960-01-01',NULL,NULL,''),
 (1036,'1981-04-19',NULL,NULL,''),
 (1037,'1978-01-01',NULL,NULL,''),
 (1038,'1995-09-20',NULL,NULL,''),
 (1039,'1992-09-05',NULL,NULL,''),
 (1040,'1995-11-26',NULL,NULL,''),
 (1041,'1995-11-26',NULL,NULL,''),
 (1042,'1995-12-17',NULL,NULL,''),
 (1043,'1991-01-01',NULL,NULL,''),
 (1044,'1996-04-07',NULL,NULL,''),
 (1045,'1996-04-07',NULL,NULL,''),
 (1046,'1996-04-07',NULL,NULL,''),
 (1047,'1996-04-07',NULL,NULL,''),
 (1048,NULL,NULL,NULL,''),
 (1049,'1993-06-06',NULL,NULL,''),
 (1050,'1996-09-01',NULL,NULL,''),
 (1051,'1996-08-26',NULL,NULL,''),
 (1052,'1996-08-25',NULL,NULL,''),
 (1053,'1996-08-25',NULL,NULL,''),
 (1054,'1996-08-25',NULL,NULL,''),
 (1055,'1996-11-10',NULL,NULL,''),
 (1056,'1996-11-10',NULL,NULL,''),
 (1057,'1985-09-29',NULL,NULL,''),
 (1058,'1996-12-22',NULL,NULL,''),
 (1059,'1996-12-22',NULL,NULL,''),
 (1060,'1996-12-22',NULL,NULL,''),
 (1061,'1996-11-24',NULL,NULL,''),
 (1062,'1996-11-24',NULL,NULL,''),
 (1063,'1990-11-11',NULL,NULL,''),
 (1064,NULL,NULL,NULL,''),
 (1065,'1997-04-20',NULL,NULL,''),
 (1066,'1997-04-20',NULL,NULL,''),
 (1067,'1997-04-20',NULL,NULL,''),
 (1068,'1997-04-20',NULL,NULL,''),
 (1069,'1997-04-20',NULL,NULL,''),
 (1070,'1997-04-20',NULL,NULL,''),
 (1071,'1997-04-20',NULL,NULL,''),
 (1072,'1997-04-20',NULL,NULL,''),
 (1073,'1997-04-20',NULL,NULL,''),
 (1074,'1978-08-01',NULL,NULL,''),
 (1075,'1986-06-01',NULL,NULL,''),
 (1076,'1980-12-21',NULL,NULL,''),
 (1077,'1978-01-01',NULL,NULL,''),
 (1078,'1981-01-01',NULL,NULL,''),
 (1079,'1997-09-14',NULL,NULL,''),
 (1080,'1997-09-14',NULL,NULL,''),
 (1081,'1997-09-14',NULL,NULL,''),
 (1082,'1997-09-14',NULL,NULL,''),
 (1083,'1997-09-19',NULL,NULL,''),
 (1084,'1997-09-19',NULL,NULL,''),
 (1085,'1997-09-19',NULL,NULL,''),
 (1086,'1997-09-19',NULL,NULL,''),
 (1087,'1977-01-01',NULL,NULL,''),
 (1088,'1986-01-01',NULL,NULL,''),
 (1089,'1997-05-11',NULL,NULL,''),
 (1090,'1991-01-01',NULL,NULL,''),
 (1091,'1997-04-20',NULL,NULL,''),
 (1092,'1981-12-26',NULL,NULL,''),
 (1093,'1986-07-28',NULL,NULL,''),
 (1094,'1998-01-01',NULL,NULL,''),
 (1095,'1989-01-01',NULL,NULL,''),
 (1096,'1997-12-21',NULL,NULL,''),
 (1097,'1995-11-26',NULL,NULL,''),
 (1098,'1989-12-14',NULL,NULL,''),
 (1099,'1998-04-12',NULL,NULL,''),
 (1100,'1998-04-12',NULL,NULL,''),
 (1101,'1998-04-12',NULL,NULL,''),
 (1102,'1998-04-12',NULL,NULL,''),
 (1103,'1998-04-12',NULL,NULL,''),
 (1104,'1998-04-12',NULL,NULL,''),
 (1105,'1998-04-12',NULL,NULL,''),
 (1106,'1988-04-12',NULL,NULL,''),
 (1107,'1998-04-12',NULL,NULL,''),
 (1108,'1998-04-12',NULL,NULL,''),
 (1109,'1998-04-12',NULL,NULL,''),
 (1110,'1998-04-12',NULL,NULL,''),
 (1111,'1988-04-12',NULL,NULL,''),
 (1112,'1993-03-27',NULL,NULL,''),
 (1113,'1994-12-11',NULL,NULL,''),
 (1114,'1990-01-01',NULL,NULL,''),
 (1115,'1995-04-16',NULL,NULL,''),
 (1116,'1980-10-05',NULL,NULL,''),
 (1117,'1970-06-01',NULL,NULL,''),
 (1118,'1968-08-15',NULL,NULL,''),
 (1119,'1985-04-26',NULL,NULL,''),
 (1120,'1975-05-01',NULL,NULL,''),
 (1121,'1977-06-15',NULL,NULL,''),
 (1122,'1980-06-07',NULL,NULL,''),
 (1123,'1960-01-01',NULL,NULL,''),
 (1124,'1967-08-23',NULL,NULL,''),
 (1125,'1980-01-01',NULL,NULL,''),
 (1126,'1993-06-06',NULL,NULL,''),
 (1127,'1945-06-26',NULL,NULL,''),
 (1128,'1983-12-18',NULL,NULL,''),
 (1129,'1997-09-14',NULL,NULL,''),
 (1130,'1994-04-07',NULL,NULL,''),
 (1131,'1945-07-12',NULL,NULL,''),
 (1132,'1972-03-19',NULL,NULL,''),
 (1133,'1972-07-16',NULL,NULL,''),
 (1134,'1982-06-06',NULL,NULL,''),
 (1135,'1979-06-10',NULL,NULL,''),
 (1136,'1966-03-15',NULL,NULL,''),
 (1137,'1982-05-30',NULL,NULL,''),
 (1138,'1976-03-01',NULL,NULL,''),
 (1139,'1974-08-10',NULL,NULL,''),
 (1140,'1972-05-10',NULL,NULL,''),
 (1141,'1986-07-27',NULL,NULL,''),
 (1142,'1988-03-28',NULL,NULL,''),
 (1143,'1990-05-18',NULL,NULL,''),
 (1144,'1990-07-08',NULL,NULL,''),
 (1145,'1957-07-15',NULL,NULL,''),
 (1146,'1957-05-27',NULL,NULL,''),
 (1147,'1987-04-01',NULL,NULL,''),
 (1148,'1992-10-19',NULL,NULL,''),
 (1149,'1992-05-10',NULL,NULL,''),
 (1150,'1992-11-01',NULL,NULL,''),
 (1151,'1948-07-01',NULL,NULL,''),
 (1152,'1994-04-24',NULL,NULL,''),
 (1153,'1974-04-20',NULL,NULL,''),
 (1154,'1995-04-17',NULL,NULL,''),
 (1155,'1994-12-18',NULL,NULL,''),
 (1156,'1997-04-20',NULL,NULL,''),
 (1157,'1998-01-01',NULL,NULL,''),
 (1158,'1988-05-11',NULL,NULL,''),
 (1159,'1999-01-10',NULL,NULL,''),
 (1160,'1999-04-03',NULL,NULL,''),
 (1161,'1999-04-03',NULL,NULL,''),
 (1162,'1999-04-03',NULL,NULL,''),
 (1163,'1999-04-13',NULL,NULL,''),
 (1164,'1999-04-03',NULL,NULL,''),
 (1165,'1999-04-03',NULL,NULL,''),
 (1166,'1999-04-03',NULL,NULL,''),
 (1167,'1999-04-03',NULL,NULL,''),
 (1168,'1999-04-03',NULL,NULL,''),
 (1169,'1999-04-03',NULL,NULL,''),
 (1170,'1999-04-03',NULL,NULL,''),
 (1171,'1999-04-03',NULL,NULL,''),
 (1172,'1999-04-03',NULL,NULL,''),
 (1173,'1999-04-03',NULL,NULL,''),
 (1174,'1999-04-03',NULL,NULL,''),
 (1175,'1999-04-03',NULL,NULL,''),
 (1176,'1999-04-03',NULL,NULL,''),
 (1177,'1999-04-03',NULL,NULL,''),
 (1178,'1999-04-03',NULL,NULL,''),
 (1179,'1999-04-03',NULL,NULL,''),
 (1180,'1999-04-03',NULL,NULL,''),
 (1181,'1999-04-03',NULL,NULL,''),
 (1182,'1999-04-03',NULL,NULL,''),
 (1183,'1999-04-03',NULL,NULL,''),
 (1184,'1999-04-04',NULL,NULL,''),
 (1185,NULL,NULL,NULL,''),
 (1186,'1965-08-15',NULL,NULL,''),
 (1187,'1982-01-01',NULL,NULL,''),
 (1188,'1998-06-14',NULL,NULL,''),
 (1189,'1998-11-29',NULL,NULL,''),
 (1190,'1998-11-29',NULL,NULL,''),
 (1191,'1998-11-29',NULL,NULL,''),
 (1192,'1998-11-29',NULL,NULL,''),
 (1193,'1998-11-29',NULL,NULL,''),
 (1194,'1998-11-29',NULL,NULL,''),
 (1195,'1998-11-29',NULL,NULL,''),
 (1196,'1998-11-29',NULL,NULL,''),
 (1197,'1998-11-29',NULL,NULL,''),
 (1198,'1998-11-29',NULL,NULL,''),
 (1199,'1998-11-29',NULL,NULL,''),
 (1200,'1986-08-03',NULL,NULL,''),
 (1201,'1997-07-27',NULL,NULL,''),
 (1202,'1995-08-22',NULL,NULL,''),
 (1203,'1998-11-29',NULL,NULL,''),
 (1204,'1968-08-11',NULL,NULL,''),
 (1205,'1969-01-01',NULL,NULL,''),
 (1206,'1970-01-01',NULL,NULL,''),
 (1207,'1991-08-31',NULL,NULL,''),
 (1208,'1994-05-19',NULL,NULL,''),
 (1209,'1999-04-26',NULL,NULL,''),
 (1210,'1998-11-29',NULL,NULL,''),
 (1211,'1999-11-20',NULL,NULL,''),
 (1212,'1999-11-20',NULL,NULL,''),
 (1213,'1999-11-20',NULL,NULL,''),
 (1214,'1999-11-20',NULL,NULL,''),
 (1215,'1999-11-20',NULL,NULL,''),
 (1216,'1999-11-20',NULL,NULL,''),
 (1217,'1977-06-01',NULL,NULL,''),
 (1218,'1979-03-01',NULL,NULL,''),
 (1219,'1968-01-01',NULL,NULL,''),
 (1220,'1989-11-09',NULL,NULL,''),
 (1221,'1989-09-11',NULL,NULL,''),
 (1222,'1991-04-05',NULL,NULL,''),
 (1223,NULL,NULL,NULL,''),
 (1224,'2000-04-23',NULL,NULL,''),
 (1225,'2000-04-23',NULL,NULL,''),
 (1226,'2000-04-23',NULL,NULL,''),
 (1227,'2000-04-23',NULL,NULL,''),
 (1228,'2000-04-23',NULL,NULL,''),
 (1229,'2000-04-23',NULL,NULL,''),
 (1230,'2000-04-23',NULL,NULL,''),
 (1231,'2000-04-23',NULL,NULL,''),
 (1232,'2000-04-23',NULL,NULL,''),
 (1233,'2000-04-23',NULL,NULL,''),
 (1234,'2000-03-20',NULL,NULL,''),
 (1235,'1980-01-01',NULL,NULL,''),
 (1236,'2000-05-11',NULL,NULL,''),
 (1237,'1960-01-01',NULL,NULL,''),
 (1238,'2000-09-02',NULL,NULL,''),
 (1239,NULL,NULL,NULL,''),
 (1240,'1999-11-07',NULL,NULL,''),
 (1241,'1954-01-01',NULL,NULL,''),
 (1242,'1995-05-28',NULL,NULL,''),
 (1243,'1984-01-01',NULL,NULL,''),
 (1244,'1978-01-01',NULL,NULL,''),
 (1245,'2001-04-07',NULL,NULL,''),
 (1246,'2001-04-07',NULL,NULL,''),
 (1247,'1992-05-20',NULL,NULL,''),
 (1248,'1992-11-09',NULL,NULL,''),
 (1249,'2001-05-20',NULL,NULL,''),
 (1250,'2001-05-20',NULL,NULL,''),
 (1251,'2001-05-20',NULL,NULL,''),
 (1252,'2001-05-20',NULL,NULL,''),
 (1253,'2001-05-20',NULL,NULL,''),
 (1254,'2001-05-20',NULL,NULL,''),
 (1255,'2001-05-20',NULL,NULL,''),
 (1256,'2001-05-20',NULL,NULL,''),
 (1257,'2001-05-20',NULL,NULL,''),
 (1258,'2001-05-20',NULL,NULL,''),
 (1259,'2001-05-20',NULL,NULL,''),
 (1260,'2001-05-20',NULL,NULL,''),
 (1261,'1989-08-27',NULL,NULL,''),
 (1262,'1989-10-28',NULL,NULL,''),
 (1263,NULL,NULL,NULL,''),
 (1264,'1992-01-01',NULL,NULL,''),
 (1265,'1998-09-05',NULL,NULL,''),
 (1266,'1992-03-14',NULL,NULL,''),
 (1267,'1988-11-29',NULL,NULL,''),
 (1268,'1979-09-01',NULL,NULL,''),
 (1269,'1976-10-20',NULL,NULL,''),
 (1270,'1984-09-15',NULL,NULL,''),
 (1271,'1984-09-15',NULL,NULL,''),
 (1272,'2002-04-28',NULL,NULL,''),
 (1273,'2002-05-26',NULL,NULL,''),
 (1274,'2002-04-28',NULL,NULL,''),
 (1275,'2002-04-28',NULL,NULL,''),
 (1276,'2002-04-28',NULL,NULL,''),
 (1277,'2002-04-28',NULL,NULL,''),
 (1278,'2002-04-28',NULL,NULL,''),
 (1279,'2002-04-28',NULL,NULL,''),
 (1280,'2002-04-28',NULL,NULL,''),
 (1281,'2002-04-28',NULL,NULL,''),
 (1282,'2002-04-28',NULL,NULL,''),
 (1283,'2002-02-02',NULL,NULL,''),
 (1284,'1995-05-28',NULL,NULL,''),
 (1285,'1995-05-28',NULL,NULL,''),
 (1286,'2002-06-16',NULL,NULL,''),
 (1287,'1999-10-20',NULL,NULL,''),
 (1288,'2002-09-22',NULL,NULL,''),
 (1289,'2001-12-16',NULL,NULL,''),
 (1290,'2002-12-16',NULL,NULL,''),
 (1291,'1999-08-19',NULL,NULL,''),
 (1292,'2002-12-15',NULL,NULL,''),
 (1293,'2002-12-15',NULL,NULL,''),
 (1294,'2002-12-15',NULL,NULL,''),
 (1295,'2002-12-15',NULL,NULL,''),
 (1296,'2002-12-15',NULL,NULL,''),
 (1297,'1984-06-10',NULL,NULL,''),
 (1298,'1984-06-10',NULL,NULL,''),
 (1299,'1994-01-01',NULL,NULL,''),
 (1300,'1991-11-19',NULL,NULL,''),
 (1301,'2003-04-20',NULL,NULL,''),
 (1302,'2003-04-20',NULL,NULL,''),
 (1303,'2003-04-20',NULL,NULL,''),
 (1304,'2003-04-20',NULL,NULL,''),
 (1305,'2003-04-20',NULL,NULL,''),
 (1306,'2003-04-20',NULL,NULL,''),
 (1307,'2003-04-20',NULL,NULL,''),
 (1308,'2003-04-20',NULL,NULL,''),
 (1309,'2003-04-20',NULL,NULL,''),
 (1310,'2003-04-20',NULL,NULL,''),
 (1311,'2003-04-20',NULL,NULL,''),
 (1312,'2003-04-20',NULL,NULL,''),
 (1313,'2003-04-20',NULL,NULL,''),
 (1314,'2003-04-20',NULL,NULL,''),
 (1315,'2003-04-20',NULL,NULL,''),
 (1316,'2003-04-20',NULL,NULL,''),
 (1317,'2003-04-20',NULL,NULL,''),
 (1318,'2003-04-20',NULL,NULL,''),
 (1319,'2003-04-20',NULL,NULL,''),
 (1320,'2000-06-04',NULL,NULL,''),
 (1321,'2000-09-02',NULL,NULL,''),
 (1322,NULL,NULL,NULL,''),
 (1323,NULL,NULL,NULL,''),
 (1324,'2003-10-26',NULL,NULL,''),
 (1325,'2003-10-26',NULL,NULL,''),
 (1326,'2003-10-26',NULL,NULL,''),
 (1327,'2003-10-26',NULL,NULL,''),
 (1328,'2003-10-26',NULL,NULL,''),
 (1329,'2003-10-26',NULL,NULL,''),
 (1330,'2003-10-26',NULL,NULL,''),
 (1331,'2003-10-26',NULL,NULL,''),
 (1332,'2003-10-26',NULL,NULL,''),
 (1333,'1983-12-18',NULL,NULL,''),
 (1334,'1980-05-12',NULL,NULL,''),
 (1335,'1980-05-12',NULL,NULL,''),
 (1336,'2002-06-16',NULL,NULL,''),
 (1337,'1991-01-01',NULL,NULL,''),
 (1338,'1979-01-01',NULL,NULL,''),
 (1339,'2004-03-02',NULL,NULL,''),
 (1340,'2004-05-23',NULL,NULL,''),
 (1341,'1997-07-06',NULL,NULL,''),
 (1342,'1992-08-04',NULL,NULL,''),
 (1343,'2004-05-23',NULL,NULL,''),
 (1344,'2004-05-23',NULL,NULL,''),
 (1345,'2004-05-23',NULL,NULL,''),
 (1346,'2004-05-23',NULL,NULL,''),
 (1347,'2004-05-23',NULL,NULL,''),
 (1348,'2004-05-23',NULL,NULL,''),
 (1349,'2004-05-23',NULL,NULL,''),
 (1350,'1964-06-14',NULL,NULL,''),
 (1351,'2004-05-23',NULL,NULL,''),
 (1352,'2004-05-23',NULL,NULL,''),
 (1353,'2004-05-23',NULL,NULL,''),
 (1354,'2004-05-23',NULL,NULL,''),
 (1355,'2004-05-23',NULL,NULL,''),
 (1356,'2004-08-01',NULL,NULL,''),
 (1357,'2004-08-01',NULL,NULL,''),
 (1358,'1997-07-06',NULL,NULL,''),
 (1359,'1993-08-29',NULL,NULL,''),
 (1360,'1996-09-08',NULL,NULL,''),
 (1361,'1995-04-16',NULL,NULL,''),
 (1362,'1992-04-19',NULL,NULL,''),
 (1363,'1974-01-01',NULL,NULL,''),
 (1364,'2004-12-05',NULL,NULL,''),
 (1365,'1996-01-07',NULL,NULL,''),
 (1366,'2002-04-28',NULL,NULL,''),
 (1367,'1974-01-01',NULL,NULL,''),
 (1368,'2004-12-19',NULL,NULL,''),
 (1369,'2004-12-19',NULL,NULL,''),
 (1370,'2004-12-12',NULL,NULL,''),
 (1371,'2004-12-12',NULL,NULL,''),
 (1372,'2004-12-12',NULL,NULL,''),
 (1373,'2004-12-12',NULL,NULL,''),
 (1374,'2004-12-12',NULL,NULL,''),
 (1375,'2004-12-12',NULL,NULL,''),
 (1376,'2004-12-12',NULL,NULL,''),
 (1377,'2004-12-12',NULL,NULL,''),
 (1378,'2004-12-12',NULL,NULL,''),
 (1379,'2004-12-12',NULL,NULL,''),
 (1380,'1969-08-01',NULL,NULL,''),
 (1381,'1973-08-15',NULL,NULL,''),
 (1382,'1976-05-30',NULL,NULL,''),
 (1383,'1978-06-18',NULL,NULL,''),
 (1384,'1986-09-28',NULL,NULL,''),
 (1385,'1987-07-01',NULL,NULL,''),
 (1386,NULL,NULL,NULL,''),
 (1387,'1999-09-19',NULL,NULL,''),
 (1388,'2000-04-23',NULL,NULL,''),
 (1389,'2004-08-02',NULL,NULL,''),
 (1390,'2004-08-28',NULL,NULL,''),
 (1391,'2002-10-10',NULL,NULL,''),
 (1392,'1978-01-09',NULL,NULL,''),
 (1393,'1979-06-10',NULL,NULL,''),
 (1394,'2004-08-28',NULL,NULL,''),
 (1395,'2004-08-28',NULL,NULL,''),
 (1396,'2002-10-02',NULL,NULL,''),
 (1397,'1972-01-01',NULL,NULL,''),
 (1398,'1994-09-03',NULL,NULL,''),
 (1399,'1977-01-01',NULL,NULL,''),
 (1400,'1994-04-24',NULL,NULL,''),
 (1401,'2004-02-22',NULL,NULL,''),
 (1402,'1981-11-15',NULL,NULL,''),
 (1403,'2004-08-28',NULL,NULL,''),
 (1404,'2005-01-29',NULL,NULL,''),
 (1405,'2004-02-22',NULL,NULL,''),
 (1406,'2005-02-01',NULL,NULL,''),
 (1407,'2005-04-24',NULL,NULL,''),
 (1408,'2005-04-24',NULL,NULL,''),
 (1409,'2005-04-24',NULL,NULL,''),
 (1410,'2005-04-24',NULL,NULL,''),
 (1411,'2005-04-24',NULL,NULL,''),
 (1412,'2005-04-24',NULL,NULL,''),
 (1413,'2005-04-24',NULL,NULL,''),
 (1414,'2005-04-24',NULL,NULL,''),
 (1415,'2005-04-24',NULL,NULL,''),
 (1416,'2005-04-24',NULL,NULL,''),
 (1417,'2005-04-24',NULL,NULL,''),
 (1418,'2005-04-24',NULL,NULL,''),
 (1419,'2005-04-24',NULL,NULL,''),
 (1420,'2005-04-24',NULL,NULL,''),
 (1421,'2005-04-24',NULL,NULL,''),
 (1422,'2005-04-24',NULL,NULL,''),
 (1423,'1992-04-15',NULL,NULL,''),
 (1424,'1993-09-04',NULL,NULL,''),
 (1425,'1985-05-23',NULL,NULL,''),
 (1426,'2003-08-08',NULL,NULL,''),
 (1427,'1988-08-14',NULL,NULL,''),
 (1428,'1990-08-14',NULL,NULL,''),
 (1429,'2005-07-10',NULL,NULL,''),
 (1430,'2005-07-10',NULL,NULL,''),
 (1431,'2004-01-06',NULL,NULL,''),
 (1432,'2004-07-09',NULL,NULL,''),
 (1433,'1948-01-01',NULL,NULL,''),
 (1434,'1999-04-03',NULL,NULL,''),
 (1435,'1970-01-01',NULL,NULL,''),
 (1436,'1974-01-01',NULL,NULL,''),
 (1437,'2005-12-11',NULL,NULL,''),
 (1438,'2005-12-11',NULL,NULL,''),
 (1439,'2005-12-11',NULL,NULL,''),
 (1440,'2005-12-11',NULL,NULL,''),
 (1441,'2005-12-11',NULL,NULL,''),
 (1442,'2005-12-11',NULL,NULL,''),
 (1443,'2005-12-11',NULL,NULL,''),
 (1444,'2005-12-11',NULL,NULL,''),
 (1445,'2005-12-11',NULL,NULL,''),
 (1446,'2005-12-11',NULL,NULL,''),
 (1447,'2005-12-11',NULL,NULL,''),
 (1448,'2005-12-11',NULL,NULL,''),
 (1449,'2005-12-11',NULL,NULL,''),
 (1450,'1992-12-15',NULL,NULL,''),
 (1451,'1994-06-16',NULL,NULL,''),
 (1452,NULL,NULL,NULL,''),
 (1453,'2003-12-14',NULL,NULL,''),
 (1454,'2003-12-14',NULL,NULL,''),
 (1455,'1984-08-11',NULL,NULL,''),
 (1456,'2006-04-16',NULL,NULL,''),
 (1457,'2006-04-16',NULL,NULL,''),
 (1458,'2006-04-16',NULL,NULL,''),
 (1459,'2006-04-16',NULL,NULL,''),
 (1460,'2006-04-16',NULL,NULL,''),
 (1461,'2006-04-16',NULL,NULL,''),
 (1462,'2006-04-16',NULL,NULL,''),
 (1463,'2006-04-16',NULL,NULL,''),
 (1464,'2006-04-16',NULL,NULL,''),
 (1465,'2006-04-16',NULL,NULL,''),
 (1466,'2006-04-16',NULL,NULL,''),
 (1467,'2006-04-16',NULL,NULL,''),
 (1468,'2006-04-16',NULL,NULL,''),
 (1469,'2006-04-16',NULL,NULL,''),
 (1470,'2006-04-29',NULL,NULL,''),
 (1471,'1988-10-01',NULL,NULL,''),
 (1472,'2002-11-17',NULL,NULL,''),
 (1473,'2002-05-02',NULL,NULL,''),
 (1474,'1999-05-30',NULL,NULL,''),
 (1475,'2006-06-11',NULL,NULL,''),
 (1476,'2003-04-20',NULL,NULL,''),
 (1477,'2006-12-20',NULL,NULL,''),
 (1478,'2006-12-17',NULL,NULL,''),
 (1479,'2006-12-17',NULL,NULL,''),
 (1480,'2006-12-17',NULL,NULL,''),
 (1481,'2006-12-17',NULL,NULL,''),
 (1482,'2006-12-17',NULL,NULL,''),
 (1483,'2006-12-17',NULL,NULL,''),
 (1484,'2006-12-17',NULL,NULL,''),
 (1485,'2006-11-17',NULL,NULL,''),
 (1486,'2001-01-01',NULL,NULL,''),
 (1487,'1958-01-01',NULL,NULL,''),
 (1488,'1977-01-01',NULL,NULL,''),
 (1489,'2000-07-09',NULL,NULL,''),
 (1490,NULL,NULL,NULL,''),
 (1491,'2001-09-01',NULL,NULL,''),
 (1492,'1991-01-06',NULL,NULL,''),
 (1493,'1987-01-06',NULL,NULL,''),
 (1494,'2003-05-12',NULL,NULL,''),
 (1495,'2000-09-05',NULL,NULL,''),
 (1496,'1994-09-22',NULL,NULL,''),
 (1497,NULL,'1993-02-10',NULL,NULL),
 (1498,NULL,NULL,NULL,NULL),
 (1501,NULL,'1993-02-10',NULL,NULL),
 (1502,NULL,'1993-02-10',NULL,NULL),
 (1503,'2012-06-03','2012-06-06',NULL,NULL),
 (1505,'2012-06-03','2012-06-06',NULL,NULL),
 (1506,'2012-06-03','2012-06-06',NULL,NULL),
 (1507,'2012-06-03','2012-06-06',NULL,NULL);
/*!40000 ALTER TABLE parishioner ENABLE KEYS */;


--
-- Definition of table person
--

DROP TABLE IF EXISTS person;
CREATE TABLE person (
  id_person int(11) NOT NULL auto_increment,
  First_Name varchar(45) default NULL,
  Last_Name varchar(45) default NULL,
  Address varchar(200) default NULL,
  CNP varchar(45) default NULL,
  Phone varchar(45) default NULL,
  Email varchar(45) default NULL,
  Workplace varchar(45) default NULL,
  Marriage_Date date default NULL,
  Marital_Status varchar(20) default NULL,
  Spouse_Religion varchar(45) default NULL,
  Studies varchar(45) default NULL,
  Image varchar(45) default NULL,
  Company varchar(45) default NULL,
  Job varchar(45) default NULL,
  Birth_Date varchar(45) default NULL,
  PRIMARY KEY  USING BTREE (id_person)
) ENGINE=InnoDB DEFAULT CHARSET=latin1;

--
-- Dumping data for table person
--

/*!40000 ALTER TABLE person DISABLE KEYS */;
INSERT intO person (id_person,First_Name,Last_Name,Address,CNP,Phone,Email,Workplace,Marriage_Date,Marital_Status,Spouse_Religion,Studies,Image,Company,Job,Birth_Date) VALUES 
 (749,'Stefan','Fodorean','Str. M-sal Ion Antonescu, Nr. 2, Bloc S4 sc6, Etaj P, Apt. 204, Cluj-Napoca',NULL,'565126',NULL,NULL,NULL,'married',NULL,NULL,NULL,NULL,NULL,NULL),
 (750,'Ana','Adam','Str. Agricultorilor, Nr. 3, Bloc B32, Etaj 3 sc1, Apt. 7, Cluj-Napoca',NULL,'563432',NULL,NULL,NULL,'married',NULL,NULL,NULL,NULL,NULL,NULL),
 (751,'Pavel','Alb','Str. M-sal Ion Antonescu, Nr. 8, Bloc S1 sc5, Etaj 7, Apt. 168, Cluj-Napoca',NULL,'574423',NULL,NULL,NULL,'married',NULL,NULL,NULL,NULL,NULL,NULL),
 (752,'Viorica','Alb','Str. M-sal Ion Antonescu, Nr. 8, Bloc S1 sc5, Etaj 7, Apt. 168, Cluj-Napoca',NULL,'574423',NULL,NULL,NULL,'married',NULL,NULL,NULL,NULL,NULL,NULL),
 (753,'Ana','Balea','Str. Calea Floresti, Nr. 81, Bloc V5 sc1, Etaj 6, Apt. 21, Cluj-Napoca',NULL,'571468',NULL,NULL,NULL,'married',NULL,NULL,NULL,NULL,NULL,NULL),
 (754,'Augustin','Ban','Str. Brates, Nr. 16, Bloc E2 sc1, Etaj 1, Apt. 3, Cluj-Napoca',NULL,'573834',NULL,NULL,NULL,'married',NULL,NULL,NULL,NULL,NULL,NULL),
 (755,'Grigore Cristian','Baciu','Str. Mehedinti, Nr. 74, Bloc G15, Etaj 4 sc1, Apt. 12, Cluj-Napoca',NULL,'576974',NULL,NULL,NULL,'',NULL,NULL,NULL,NULL,NULL,NULL),
 (756,'Veronica','Bagarean','Str. Calea Manastur, Nr. 107, Bloc G7, Etaj 2, Apt. 9, Cluj-Napoca',NULL,'426508',NULL,NULL,NULL,'married',NULL,NULL,NULL,NULL,NULL,NULL),
 (757,'Loredana Mihaela','Nistor','Str. Retezat, Nr. 1, Bloc R2 sc2, Etaj 2, Apt. 32, Cluj-Napoca',NULL,'575460',NULL,NULL,NULL,'married',NULL,NULL,NULL,NULL,NULL,NULL),
 (758,'Berta','Baran','Str. Calea Floresti, Nr. 79, Bloc V4 sc1, Etaj 8, Apt. 22, Cluj-Napoca',NULL,'570829',NULL,NULL,NULL,'married',NULL,NULL,NULL,NULL,NULL,NULL),
 (759,'Maria','Botean','Str. Mehedinti, Nr. 9, Bloc N1 sc2, Etaj 3, Apt. 33, Cluj-Napoca',NULL,'574046',NULL,NULL,NULL,'married',NULL,NULL,NULL,NULL,NULL,NULL),
 (760,'Florica','Bota','Str. Aleea Meziad, Nr. 2, Bloc sc1, Etaj -, Apt. 13, Cluj-Napoca',NULL,'582885',NULL,NULL,NULL,'',NULL,NULL,NULL,NULL,NULL,NULL),
 (761,'Stefan','Bob','Str. M-sal Ion Antonescu, Nr. 6, Bloc S2 sc8, Etaj 10, Apt. 299, Cluj-Napoca',NULL,NULL,NULL,NULL,NULL,'married',NULL,NULL,NULL,NULL,NULL,NULL),
 (762,'Veronica','Bodean','Str. Aleea Vidraru, Nr. 17-19, Bloc C2, Etaj 1, Apt. 73, Cluj-Napoca',NULL,'565705',NULL,NULL,NULL,'widow(er)',NULL,NULL,NULL,NULL,NULL,NULL),
 (763,'Daniel','Baran','Str. Calea Floresti, Nr. 79, Bloc V4 sc1, Etaj 8, Apt. 22, Cluj-Napoca',NULL,'570829',NULL,NULL,NULL,'married',NULL,NULL,NULL,NULL,NULL,NULL),
 (764,'Letitia','Botis','Str. Tarnita, Nr. 2, Bloc C1 sc3, Etaj 4, Apt. 107, Cluj-Napoca',NULL,'578853',NULL,NULL,NULL,'married',NULL,NULL,NULL,NULL,NULL,NULL),
 (765,'Emilia Zanfira','Bucse','Str. Izlazului, Nr. 1, Bloc O6 sc1, Etaj 4, Apt. 9, Cluj-Napoca',NULL,'422172',NULL,NULL,NULL,'married',NULL,NULL,NULL,NULL,NULL,NULL),
 (766,'Amelia','Boca','Str. Fantanele, Nr. 5, Bloc R sc1, Etaj -, Apt. 3, Cluj-Napoca',NULL,'585796',NULL,NULL,NULL,'married',NULL,NULL,NULL,NULL,NULL,NULL),
 (767,'Aurel','Catinas',NULL,'','567840','','',NULL,'married','','post-university',NULL,'','',NULL),
 (768,'Liana M','Chiorean','Str. Frunzisului, Nr. 29, Bloc -, Etaj -, Apt. -, Cluj-Napoca',NULL,NULL,NULL,NULL,NULL,'married',NULL,NULL,NULL,NULL,NULL,NULL),
 (769,'Maria','Chiorean','Str. Campului, Nr. 51, Bloc -, Etaj -, Apt. -, Cluj-Napoca',NULL,NULL,NULL,NULL,NULL,'',NULL,NULL,NULL,NULL,NULL,NULL),
 (770,'Vasile Dinu','Chiorean','Str. Mehedinti, Nr. 30-32, Bloc D11, Etaj sc2, Apt. 124, Cluj-Napoca',NULL,'572423',NULL,NULL,NULL,'',NULL,NULL,NULL,NULL,NULL,NULL),
 (771,'Livia','Chiorean','Str. Islazului, Nr. 2, Bloc O3 sc1, Etaj 5, Apt. 16, Cluj-Napoca',NULL,'578061',NULL,NULL,NULL,'married',NULL,NULL,NULL,NULL,NULL,NULL),
 (772,'Pavel','Chiorean','Str. Mehedinti, Nr. 14-16, Bloc D15, Etaj 5 sc1, Apt. 33, Cluj-Napoca',NULL,'571041',NULL,NULL,NULL,'married',NULL,NULL,NULL,NULL,NULL,NULL),
 (773,'Elena Maria','Ciubancan','Str. Izlazului, Nr. 6, Bloc A sc1, Etaj 5, Apt. 13, Cluj-Napoca',NULL,'576593',NULL,NULL,NULL,'',NULL,NULL,NULL,NULL,NULL,NULL),
 (774,'Susana','Cipcigan','Str. Aleea Baita, Nr. 8, Bloc -, Etaj -, Apt. 24, Cluj-Napoca',NULL,NULL,NULL,NULL,NULL,'married',NULL,NULL,NULL,NULL,NULL,NULL),
 (775,'Anton','Cilag','Str. Aleea Vidraru, Nr. 9-11, Bloc C4, Etaj -, Apt. 86, Cluj-Napoca',NULL,'567800',NULL,NULL,NULL,'',NULL,NULL,NULL,NULL,NULL,NULL),
 (776,'Dinu','Costea','Str. Mehedinti, Nr. 61-63, Bloc C8 sc1, Etaj 7, Apt. 48, Cluj-Napoca',NULL,'576863',NULL,NULL,NULL,'married',NULL,NULL,NULL,NULL,NULL,NULL),
 (777,'Vasile','Daraban','Str. Calea Floresti, Nr. 1, Bloc T1 sc4, Etaj -, Apt. 126, Cluj-Napoca',NULL,'579332',NULL,NULL,NULL,'married',NULL,NULL,NULL,NULL,NULL,NULL),
 (778,'Crucita','Daraban','Str. Calea Floresti, Nr. 1, Bloc T1 sc4, Etaj -, Apt. 126, Cluj-Napoca',NULL,'579332',NULL,NULL,NULL,'married',NULL,NULL,NULL,NULL,NULL,NULL),
 (779,'Nicolae','Epure','Str. Calea Floresti, Nr. 83, Bloc D39, Etaj 3 sc1, Apt. 7, Cluj-Napoca',NULL,'563444',NULL,NULL,NULL,'married',NULL,NULL,NULL,NULL,NULL,NULL),
 (780,'Ana','Epure','Str. Calea Floresti, Nr. 83, Bloc D39, Etaj 3 sc1, Apt. 7, Cluj-Napoca',NULL,'563444',NULL,NULL,NULL,'married',NULL,NULL,NULL,NULL,NULL,NULL),
 (781,'Grigore','Poptelecan','Str. Al. Vlahuta, Nr. Lama D, Bloc D1, Etaj -, Apt. 75, Cluj-Napoca',NULL,'587172',NULL,NULL,NULL,'married',NULL,NULL,NULL,NULL,NULL,NULL),
 (782,'Maria','Poptelecan','Str. Al. Vlahuta, Nr. Lama D, Bloc D1, Etaj -, Apt. 75, Cluj-Napoca',NULL,'587172',NULL,NULL,NULL,'married',NULL,NULL,NULL,NULL,NULL,NULL),
 (783,'Maria','Dragan','Str. Jozsef Attila, Nr. 21, Bloc -, Etaj -, Apt. -, Cluj-Napoca',NULL,'597903',NULL,NULL,NULL,'widow(er)',NULL,NULL,NULL,NULL,NULL,NULL),
 (784,'Maria','Sandor','Str. Campului, Nr. 93, Bloc -, Etaj -, Apt. -, Cluj-Napoca',NULL,NULL,NULL,NULL,NULL,'widow(er)',NULL,NULL,NULL,NULL,NULL,NULL),
 (785,'Augustin','Muresan','Str. Oltului, Nr. 11, Bloc -, Etaj -, Apt. -, Cluj-Napoca',NULL,NULL,NULL,NULL,NULL,'married',NULL,NULL,NULL,NULL,NULL,NULL),
 (786,'Maria','Muresan','Str. Oltului, Nr. 11, Bloc -, Etaj -, Apt. -, Cluj-Napoca',NULL,NULL,NULL,NULL,NULL,'married',NULL,NULL,NULL,NULL,NULL,NULL),
 (787,'Valter','Poputa','Str. Nadasel, Nr. 33, Bloc -, Etaj -, Apt. -, Cluj-Napoca',NULL,NULL,NULL,NULL,NULL,'married',NULL,NULL,NULL,NULL,NULL,NULL),
 (788,'Maria','Poputa','Str. Nadasel, Nr. 33, Bloc -, Etaj -, Apt. -, Cluj-Napoca',NULL,NULL,NULL,NULL,NULL,'married',NULL,NULL,NULL,NULL,NULL,NULL),
 (789,'Gheorghe','Mogosan','Str. Brutarilor, Nr. 16, Bloc -, Etaj -, Apt. -, Cluj-Napoca',NULL,'594393',NULL,NULL,NULL,'widow(er)',NULL,NULL,NULL,NULL,NULL,NULL),
 (790,'Ioan','Muresan','Str. Oltului, Nr. 11A, Bloc -, Etaj -, Apt. -, Cluj-Napoca',NULL,NULL,NULL,NULL,NULL,'married',NULL,NULL,NULL,NULL,NULL,NULL),
 (791,'Maria','Muresan','Str. Oltului, Nr. 11A, Bloc -, Etaj -, Apt. -, Cluj-Napoca',NULL,NULL,NULL,NULL,NULL,'married',NULL,NULL,NULL,NULL,NULL,NULL),
 (792,'Maria','Dan','Str. Mehedinti, Nr. 13, Bloc O1 sc5, Etaj 4, Apt. 106, Cluj-Napoca',NULL,'572526',NULL,NULL,NULL,'widow(er)',NULL,NULL,NULL,NULL,NULL,NULL),
 (793,'Nastasia','Pop','Str. Buftea, Nr. 4, Bloc B2, Etaj -, Apt. 13, Cluj-Napoca',NULL,'542269',NULL,NULL,NULL,'married',NULL,NULL,NULL,NULL,NULL,NULL),
 (794,'Ioan','Botean','Str. Mehedinti, Nr. 9, Bloc N1 sc2, Etaj 3, Apt. 33, Cluj-Napoca',NULL,'574046',NULL,NULL,NULL,'married',NULL,NULL,NULL,NULL,NULL,NULL),
 (795,'Ioan','Duma','Str. Oltului, Nr. 33, Bloc S2 sc2, Etaj 3, Apt. 18, Cluj-Napoca',NULL,'554986',NULL,NULL,NULL,'married',NULL,NULL,NULL,NULL,NULL,NULL),
 (796,'Ana','Duma','Str. Oltului, Nr. 33, Bloc S2 sc2, Etaj 3, Apt. 18, Cluj-Napoca',NULL,'554986',NULL,NULL,NULL,'married',NULL,NULL,NULL,NULL,NULL,NULL),
 (797,'Ioan','Pop','Str. Calea Floresti, Nr. 81, Bloc V5 sc6, Etaj 2, Apt. 147, Cluj-Napoca',NULL,NULL,NULL,NULL,NULL,'remarried',NULL,NULL,NULL,NULL,NULL,NULL),
 (798,'Nicolae','Fesnic','Str. Ion Mester, Nr. 1, Bloc O1 sc3, Etaj 1, Apt. 27, Cluj-Napoca',NULL,'425450',NULL,NULL,NULL,'married',NULL,NULL,NULL,NULL,NULL,NULL),
 (799,'Voichita','Sava','Str. Mehedinti, Nr. 22-24, Bloc D13, Etaj 8 sc1, Apt. 36, Cluj-Napoca',NULL,'425163',NULL,NULL,NULL,'married',NULL,NULL,NULL,NULL,NULL,NULL),
 (800,'Maria','Cozma','Str. Ion Mester, Nr. 5, Bloc D sc3, Etaj 5, Apt. 61, Cluj-Napoca',NULL,'579102',NULL,NULL,NULL,'widow(er)',NULL,NULL,NULL,NULL,NULL,NULL),
 (801,'Gavrila','Moldovan','Str. Tatra, Nr. 8, Bloc U5, Etaj P, Apt. 1, Cluj-Napoca',NULL,'526817',NULL,NULL,NULL,'married',NULL,NULL,NULL,NULL,NULL,NULL),
 (802,'Elisei','Crisan','Str. Aleea Micus, Nr. 6, Bloc A9 sc1, Etaj 8, Apt. 34, Cluj-Napoca',NULL,'575468',NULL,NULL,NULL,'married',NULL,NULL,NULL,NULL,NULL,NULL),
 (803,'Maria','Crisan','Str. Aleea Micus, Nr. 6, Bloc A9 sc1, Etaj 8, Apt. 34, Cluj-Napoca',NULL,'575468',NULL,NULL,NULL,'married',NULL,NULL,NULL,NULL,NULL,NULL),
 (804,'Stefan','Sana','Str. Mehedinti, Nr. 88, Bloc S3 sc1, Etaj 1, Apt. 3, Cluj-Napoca',NULL,'422730',NULL,NULL,NULL,'married',NULL,NULL,NULL,NULL,NULL,NULL),
 (805,'Ghenea','Sana','Str. Mehedinti, Nr. 88, Bloc S3 sc1, Etaj 1, Apt. 3, Cluj-Napoca',NULL,'422730',NULL,NULL,NULL,'married',NULL,NULL,NULL,NULL,NULL,NULL),
 (806,'Maria','Sandor','Str. Donath, Nr. 198, Bloc A1 sc1, Etaj 6, Apt. 25, Cluj-Napoca',NULL,'0364119532',NULL,NULL,NULL,'married',NULL,NULL,NULL,NULL,NULL,NULL),
 (807,'Marin','Fodorean','Str. Fantanele, Nr. 7, Bloc A, Etaj 1 scV, Apt. 112, Cluj-Napoca',NULL,'580768',NULL,NULL,NULL,'married',NULL,NULL,NULL,NULL,NULL,NULL),
 (808,'Aurica','Fodorean','Str. Fantanele, Nr. 7, Bloc A, Etaj 1 scV, Apt. 112, Cluj-Napoca',NULL,'580768',NULL,NULL,NULL,'married',NULL,NULL,NULL,NULL,NULL,NULL),
 (809,'Gavril','Mesesan','Str. Salciilor, Nr. 25, Bloc -, Etaj -, Apt. -, Cluj-Napoca',NULL,NULL,NULL,NULL,NULL,'married',NULL,NULL,NULL,NULL,NULL,NULL),
 (810,'Ana','Mesesan','Str. Salciilor, Nr. 25, Bloc -, Etaj -, Apt. -, Cluj-Napoca',NULL,NULL,NULL,NULL,NULL,'married',NULL,NULL,NULL,NULL,NULL,NULL),
 (811,'Nicolaie','Cuibus','Str. Mehedinti, Nr. 18-20, Bloc D14, Etaj 1 sc2, Apt. 49, Cluj-Napoca',NULL,'575891',NULL,NULL,NULL,'married',NULL,NULL,NULL,NULL,NULL,NULL),
 (812,'Lucia','Cuibus','Str. Mehedinti, Nr. 18-20, Bloc D14, Etaj 1 sc2, Apt. 49, Cluj-Napoca',NULL,'575891',NULL,NULL,NULL,'married',NULL,NULL,NULL,NULL,NULL,NULL),
 (813,'Tiberiu','Gog','Str. Blajului, Nr. 8, Bloc -, Etaj -, Apt. -, Cluj-Napoca',NULL,NULL,NULL,NULL,NULL,'married',NULL,NULL,NULL,NULL,NULL,NULL),
 (814,'Eugenia','Gog','Str. Blajului, Nr. 8, Bloc -, Etaj -, Apt. -, Cluj-Napoca',NULL,NULL,NULL,NULL,NULL,'married',NULL,NULL,NULL,NULL,NULL,NULL),
 (815,'Traian','Bilc','Str. Almasului, Nr. 5, Bloc S sc4, Etaj 4, Apt. 40, Cluj-Napoca',NULL,'571587',NULL,NULL,NULL,'married',NULL,NULL,NULL,NULL,NULL,NULL),
 (816,'Lidia','Bilc','Str. Almasului, Nr. 5, Bloc S sc4, Etaj 4, Apt. 40, Cluj-Napoca',NULL,'571587',NULL,NULL,NULL,'married',NULL,NULL,NULL,NULL,NULL,NULL),
 (817,'Cornel','Fodorean','Str. Putna, Nr. 7, Bloc G6 sc1, Etaj 3, Apt. 7, Cluj-Napoca',NULL,'573793',NULL,NULL,NULL,'married',NULL,NULL,NULL,NULL,NULL,NULL),
 (818,'Leontina','Fodorean','Str. Putna, Nr. 7, Bloc G6 sc1, Etaj 3, Apt. 7, Cluj-Napoca',NULL,'573793',NULL,NULL,NULL,'married',NULL,NULL,NULL,NULL,NULL,NULL),
 (819,'Gheorghe','Duma','Str. Grigore Alexandrescu, Nr. 10, Bloc N2 sc1, Etaj 1, Apt. 5, Cluj-Napoca',NULL,'566663',NULL,NULL,NULL,'married',NULL,NULL,NULL,NULL,NULL,NULL),
 (820,'Mariea Leontina','Duma','Str. Grigore Alexandrescu, Nr. 10, Bloc N2 sc1, Etaj 1, Apt. 5, Cluj-Napoca',NULL,'566663',NULL,NULL,NULL,'married',NULL,NULL,NULL,NULL,NULL,NULL),
 (821,'Marin','Silaghi','Str. Calea Floresti, Nr. 2B, Bloc A1B, Etaj 3, Apt. 11, Cluj-Napoca',NULL,'427162',NULL,NULL,NULL,'married',NULL,NULL,NULL,NULL,NULL,NULL),
 (822,'Mariana','Silaghi','Str. Calea Floresti, Nr. 2B, Bloc A1B, Etaj 3, Apt. 11, Cluj-Napoca',NULL,'427162',NULL,NULL,NULL,'married',NULL,NULL,NULL,NULL,NULL,NULL),
 (823,'Viorel','Surducan','Str. M-sal Ion Antonescu, Nr. 2, Bloc S4, Etaj 5, Apt. 194, Cluj-Napoca',NULL,NULL,NULL,NULL,NULL,'married',NULL,NULL,NULL,NULL,NULL,NULL),
 (824,'Ionel','Alb','Str. Mogosoaia, Nr. 7, Bloc L1 sc5, Etaj 3, Apt. 48, Cluj-Napoca',NULL,NULL,NULL,NULL,NULL,'married',NULL,NULL,NULL,NULL,NULL,NULL),
 (825,'Adriana','Alb','Str. Mogosoaia, Nr. 7, Bloc L1 sc5, Etaj 3, Apt. 48, Cluj-Napoca',NULL,NULL,NULL,NULL,NULL,'married',NULL,NULL,NULL,NULL,NULL,NULL),
 (826,'Vasile','Goron','Str. Grigore Alexandrescu, Nr. 53, Bloc E6 sc2, Etaj 2, Apt. 30, Cluj-Napoca',NULL,'569701',NULL,NULL,NULL,'married',NULL,NULL,NULL,NULL,NULL,NULL),
 (827,'Victoria','Goron','Str. Grigore Alexandrescu, Nr. 53, Bloc E6 sc2, Etaj 2, Apt. 30, Cluj-Napoca',NULL,'569701',NULL,NULL,NULL,'married',NULL,NULL,NULL,NULL,NULL,NULL),
 (828,'Ioan','Cuibus','Str. Islazului, Nr. 18, Bloc C sc2, Etaj 1, Apt. 35, Cluj-Napoca',NULL,'421963',NULL,NULL,NULL,'married',NULL,NULL,NULL,NULL,NULL,NULL),
 (829,'Jeonilia Ecaterina','Cuibus','Str. Islazului, Nr. 18, Bloc C sc2, Etaj 1, Apt. 35, Cluj-Napoca',NULL,'421963',NULL,NULL,NULL,'married',NULL,NULL,NULL,NULL,NULL,NULL),
 (830,'Eva','Kovacs','Str. Gheorghe Dima, Nr. 6, Bloc -, Etaj -, Apt. -, Cluj-Napoca',NULL,NULL,NULL,NULL,NULL,'divorced',NULL,NULL,NULL,NULL,NULL,NULL),
 (831,'Susana','Frent','Str. Calea Floresti, Nr. 81, Bloc V5 sc6, Etaj 4, Apt. 153, Cluj-Napoca',NULL,'578492',NULL,NULL,NULL,'married',NULL,NULL,NULL,NULL,NULL,NULL),
 (832,'Elisabeta','Caprar','Str. Ion Mester, Nr. 6, Bloc J sc6, Etaj 5, Apt. 194, Cluj-Napoca',NULL,'579016',NULL,NULL,NULL,'widow(er)',NULL,NULL,NULL,NULL,NULL,NULL),
 (833,'Vasile Viorel','Spataru','Str. Calea Floresti, Nr. 3, Bloc T2 sc1, Etaj 6, Apt. 21, Cluj-Napoca',NULL,NULL,NULL,NULL,NULL,'married',NULL,NULL,NULL,NULL,NULL,NULL),
 (834,'Victoria','Spataru','Str. Calea Floresti, Nr. 3, Bloc T2 sc1, Etaj 6, Apt. 21, Cluj-Napoca',NULL,NULL,NULL,NULL,NULL,'married',NULL,NULL,NULL,NULL,NULL,NULL),
 (835,'Vasile','Muresan','Str. Mehedinti, Nr. 19, Bloc E3, Etaj -, Apt. 16, Cluj-Napoca',NULL,NULL,NULL,NULL,NULL,'married',NULL,NULL,NULL,NULL,NULL,NULL),
 (836,'Ana','Muresan','Str. Mehedinti, Nr. 19, Bloc E3, Etaj -, Apt. 16, Cluj-Napoca',NULL,NULL,NULL,NULL,NULL,'married',NULL,NULL,NULL,NULL,NULL,NULL),
 (837,'Eugen','Fodorean','Str. Malinului, Nr. 1A, Bloc -, Etaj -, Apt. -, Cluj-Napoca',NULL,'441988',NULL,NULL,NULL,'married',NULL,NULL,NULL,NULL,NULL,NULL),
 (838,'Lidia','Fodorean','Str. Malinului, Nr. 1A, Bloc -, Etaj -, Apt. -, Cluj-Napoca',NULL,'441988',NULL,NULL,NULL,'married',NULL,NULL,NULL,NULL,NULL,NULL),
 (839,'Simion','Mateut','Str. Campului, Nr. 42, Bloc O sc2, Etaj -, Apt. 13, Cluj-Napoca',NULL,'570252',NULL,NULL,NULL,'married',NULL,NULL,NULL,NULL,NULL,NULL),
 (840,'Irina','Mateut','Str. Campului, Nr. 42, Bloc O sc2, Etaj -, Apt. 13, Cluj-Napoca',NULL,'570252',NULL,NULL,NULL,'married',NULL,NULL,NULL,NULL,NULL,NULL),
 (841,'Maria','Valean','Str. Retezat, Nr. 3, Bloc -, Etaj -, Apt. -, Cluj-Napoca',NULL,NULL,NULL,NULL,NULL,'',NULL,NULL,NULL,NULL,NULL,NULL),
 (842,'Ioan','Serban','Str. M-sal Ion Antonescu, Nr. 6, Bloc S2, Etaj -, Apt. 268, Cluj-Napoca',NULL,NULL,NULL,NULL,NULL,'married',NULL,NULL,NULL,NULL,NULL,NULL),
 (843,'Matei','Nan','Str. Aleea Cioplea, Nr. 10, Bloc S12, Etaj 3 sc2, Apt. 21, Cluj-Napoca',NULL,'423836',NULL,NULL,NULL,'married',NULL,NULL,NULL,NULL,NULL,NULL),
 (844,'Maria','Nan','Str. Aleea Cioplea, Nr. 10, Bloc S12, Etaj 3 sc2, Apt. 21, Cluj-Napoca',NULL,'423836',NULL,NULL,NULL,'married',NULL,NULL,NULL,NULL,NULL,NULL),
 (845,'Vasile','Moldovan','Str. Aurel Vlaicu, Nr. 48, Bloc A1, Etaj 1, Apt. 7, Cluj-Napoca',NULL,NULL,NULL,NULL,NULL,'married',NULL,NULL,NULL,NULL,NULL,NULL),
 (846,'Ana','Moldovan','Str. Aurel Vlaicu, Nr. 48, Bloc A1, Etaj 1, Apt. 7, Cluj-Napoca',NULL,NULL,NULL,NULL,NULL,'married',NULL,NULL,NULL,NULL,NULL,NULL),
 (847,'Rafila','Drotar','Str. Mehedinti, Nr. 30-32, Bloc -, Etaj -, Apt. 98, Cluj-Napoca',NULL,NULL,NULL,NULL,NULL,'',NULL,NULL,NULL,NULL,NULL,NULL),
 (848,'Valeria','Popa','Str. Mogosoaia, Nr. 1, Bloc -, Etaj -, Apt. -, Cluj-Napoca',NULL,NULL,NULL,NULL,NULL,'',NULL,NULL,NULL,NULL,NULL,NULL),
 (849,'Gheorghe','Tosa','Str. Padin, Nr. 9-13, Bloc D10, Etaj sc5, Apt. 47, Cluj-Napoca',NULL,NULL,NULL,NULL,NULL,'married',NULL,NULL,NULL,NULL,NULL,NULL),
 (850,'Gabriela Rodica','Talpos','Str. Calea Floresti, Nr. 75, Bloc V2 scB, Etaj 2, Apt. 34, Cluj-Napoca',NULL,'568725',NULL,NULL,NULL,'married',NULL,NULL,NULL,NULL,NULL,NULL),
 (851,'Cristian','Cuibus','Str. Islazului, Nr. 12, Bloc B sc3, Etaj 5, Apt. 62, Cluj-Napoca',NULL,'421396',NULL,NULL,NULL,'married',NULL,NULL,NULL,NULL,NULL,NULL),
 (852,'Valeria','Cuibus','Str. Islazului, Nr. 12, Bloc B sc3, Etaj 5, Apt. 62, Cluj-Napoca',NULL,'421396',NULL,NULL,NULL,'married',NULL,NULL,NULL,NULL,NULL,NULL),
 (853,'Teodor','Creta','Str. Th Pallady, Nr. 4G, Bloc -, Etaj -, Apt. -, Borhanci',NULL,'550898',NULL,NULL,NULL,'married',NULL,NULL,NULL,NULL,NULL,NULL),
 (854,'Maria','Creta','Str. Th Pallady, Nr. 4G, Bloc -, Etaj -, Apt. -, Borhanci',NULL,'550898',NULL,NULL,NULL,'married',NULL,NULL,NULL,NULL,NULL,NULL),
 (855,'Maria','Poienaru','Str. Muncitorilor, Nr. 1, Bloc M1 sc1, Etaj 2, Apt. 6, Cluj-Napoca',NULL,'543684',NULL,NULL,NULL,'married',NULL,NULL,NULL,NULL,NULL,NULL),
 (856,'Daniela Cecilia','Muresan','Str. Parang, Nr. 27, Bloc H8 sc1, Etaj -, Apt. 3, Cluj-Napoca',NULL,'568805',NULL,NULL,NULL,'',NULL,NULL,NULL,NULL,NULL,NULL),
 (857,'Maria','Santamarian','Str. Rasinari, Nr. 3, Bloc -, Etaj -, Apt. 30, Cluj-Napoca',NULL,'542863',NULL,NULL,NULL,'married',NULL,NULL,NULL,NULL,NULL,NULL),
 (858,'Livia','Farcas','Str. -, Nr. 687, Bloc -, Etaj -, Apt. -, Feleac',NULL,'237213',NULL,NULL,NULL,'',NULL,NULL,NULL,NULL,NULL,NULL),
 (859,'Lucian','Vonica','Str. Remetea, Nr. 19, Bloc -, Etaj -, Apt. -, Cluj-Napoca',NULL,'0740070773',NULL,NULL,NULL,'married',NULL,NULL,NULL,NULL,NULL,NULL),
 (860,'Consuela','Baiesi','Str. Mehedinti, Nr. 62-64, Bloc sc2, Etaj 1, Apt. 49, Cluj-Napoca',NULL,'0723999460',NULL,NULL,NULL,'divorced',NULL,NULL,NULL,NULL,NULL,NULL),
 (861,'Veronica','Vladau','Str. M-sal Ion Antonescu, Nr. 6, Bloc S2 sc4, Etaj 3, Apt. 111, Cluj-Napoca',NULL,NULL,NULL,NULL,NULL,'',NULL,NULL,NULL,NULL,NULL,NULL),
 (862,'Maria Ana','Turdean','Str. Tasnad, Nr. 27, Bloc D1 sc3, Etaj 3, Apt. 27, Cluj-Napoca',NULL,'576868',NULL,NULL,NULL,'married',NULL,NULL,NULL,NULL,NULL,NULL),
 (863,'Emanuela','Toader','Str. Mehedinti, Nr. 86, Bloc S4 sc2, Etaj 1, Apt. 14, Cluj-Napoca',NULL,'422673',NULL,NULL,NULL,'',NULL,NULL,NULL,NULL,NULL,NULL),
 (864,'Ioan','Tita','Str. Ion Mester, Nr. 5, Bloc D sc3, Etaj 5, Apt. 62, Cluj-Napoca',NULL,'422017',NULL,NULL,NULL,'married',NULL,NULL,NULL,NULL,NULL,NULL),
 (865,'David','Tarau','Str. Ion Mester, Nr. 12, Bloc L\' sc2, Etaj 5, Apt. 50, Cluj-Napoca',NULL,'573160',NULL,NULL,NULL,'married',NULL,NULL,NULL,NULL,NULL,NULL),
 (866,'Adriana Lucia','Tamas','Str. M-sal Ion Antonescu, Nr. 6, Bloc S2 sc8, Etaj 6, Apt. 284, Cluj-Napoca',NULL,NULL,NULL,NULL,NULL,'married',NULL,NULL,NULL,NULL,NULL,NULL),
 (867,'Nicolae','Scurtu','Str. Honore de Balzac, Nr. 12A, Bloc -, Etaj -, Apt. -, Cluj-Napoca',NULL,'586934',NULL,NULL,NULL,'married',NULL,NULL,NULL,NULL,NULL,NULL),
 (868,'Ioan','Popan','Str. M-sal Ion Antonescu, Nr. 4, Bloc S3 sc6, Etaj 10, Apt. 231, Cluj-Napoca',NULL,'570493',NULL,NULL,NULL,'married',NULL,NULL,NULL,NULL,NULL,NULL),
 (869,'Maria','Popan','Str. M-sal Ion Antonescu, Nr. 4, Bloc S3 sc6, Etaj 10, Apt. 231, Cluj-Napoca',NULL,'570493',NULL,NULL,NULL,'married',NULL,NULL,NULL,NULL,NULL,NULL),
 (870,'Alexandru','Pop','Str. Retezat, Nr. 1, Bloc R2 sc4, Etaj 2, Apt. 70, Cluj-Napoca',NULL,NULL,NULL,NULL,NULL,'married',NULL,NULL,NULL,NULL,NULL,NULL),
 (871,'Ioan','Dolha','Str. Theodor Pallady, Nr. 6F, Bloc -, Etaj -, Apt. -, Borhanci',NULL,'550850',NULL,NULL,NULL,'married',NULL,NULL,NULL,NULL,NULL,NULL),
 (872,'Dochia','Dolha','Str. Theodor Pallady, Nr. 6F, Bloc -, Etaj -, Apt. -, Borhanci',NULL,'550850',NULL,NULL,NULL,'married',NULL,NULL,NULL,NULL,NULL,NULL),
 (873,'Dorina','Pop','Str. Mehedinti, Nr. 66-68, Bloc D2 sc1, Etaj 10, Apt. 41, Cluj-Napoca',NULL,NULL,NULL,NULL,NULL,'',NULL,NULL,NULL,NULL,NULL,NULL),
 (874,'Ana','Borz','Str. Tasnad, Nr. 25, Bloc PX sc3, Etaj 1, Apt. 27, Cluj-Napoca',NULL,'425698',NULL,NULL,NULL,'married',NULL,NULL,NULL,NULL,NULL,NULL),
 (875,'Teodor','Rarau','Str. Urcusului, Nr. 1, Bloc -, Etaj -, Apt. -, Cluj-Napoca',NULL,NULL,NULL,NULL,NULL,'married',NULL,NULL,NULL,NULL,NULL,NULL),
 (876,'Maria','Rarau','Str. Urcusului, Nr. 1, Bloc -, Etaj -, Apt. -, Cluj-Napoca',NULL,NULL,NULL,NULL,NULL,'married',NULL,NULL,NULL,NULL,NULL,NULL),
 (877,'Valerica Noemi','Mogosan','Str. Calea Floresti, Nr. 75, Bloc V2 scB, Etaj 2, Apt. 22, Cluj-Napoca',NULL,'568725',NULL,NULL,NULL,'',NULL,NULL,NULL,NULL,NULL,NULL),
 (878,'Lucica','Costea','Str. Aleea Cioplea, Nr. 17, Bloc S14, Etaj -, Apt. 2, Cluj-Napoca',NULL,'575755',NULL,NULL,NULL,'married',NULL,NULL,NULL,NULL,NULL,NULL),
 (879,'Victor','Dan','Str. Izlazului, Nr. 12, Bloc B sc2, Etaj 4, Apt. 36, Cluj-Napoca',NULL,'573211',NULL,NULL,NULL,'married',NULL,NULL,NULL,NULL,NULL,NULL),
 (880,'Emilia','Dan','Str. Izlazului, Nr. 12, Bloc B sc2, Etaj 4, Apt. 36, Cluj-Napoca',NULL,'573211',NULL,NULL,NULL,'married',NULL,NULL,NULL,NULL,NULL,NULL),
 (881,'Vasile','Semerean','Str. Islazului, Nr. 18, Bloc C sc2, Etaj 2, Apt. 37, Cluj-Napoca',NULL,NULL,NULL,NULL,NULL,'married',NULL,NULL,NULL,NULL,NULL,NULL),
 (882,'Lidia','Semerean','Str. Islazului, Nr. 18, Bloc C sc2, Etaj 2, Apt. 37, Cluj-Napoca',NULL,NULL,NULL,NULL,NULL,'married',NULL,NULL,NULL,NULL,NULL,NULL),
 (883,'Gheorghe','Semerean','Str. Mehedinti, Nr. 31, Bloc E4 sc2, Etaj 3, Apt. 17, Cluj-Napoca',NULL,'561375',NULL,NULL,NULL,'married',NULL,NULL,NULL,NULL,NULL,NULL),
 (884,'Lidia','Semerean','Str. Mehedinti, Nr. 31, Bloc E4 sc2, Etaj 3, Apt. 17, Cluj-Napoca',NULL,'561375',NULL,NULL,NULL,'married',NULL,NULL,NULL,NULL,NULL,NULL),
 (885,'Beniamin','Gaciu','Str. Izlazului, Nr. 4, Bloc A3 sc3, Etaj 6, Apt. 95, Cluj-Napoca',NULL,'459816',NULL,NULL,NULL,'married',NULL,NULL,NULL,NULL,NULL,NULL),
 (886,'Doina','Gaciu','Str. Izlazului, Nr. 4, Bloc A3 sc3, Etaj 6, Apt. 95, Cluj-Napoca',NULL,'459816',NULL,NULL,NULL,'married',NULL,NULL,NULL,NULL,NULL,NULL),
 (887,'Otilia','Catinas','Str. Gurghiu, Nr. 2, Bloc O1 sc1, Etaj 3, Apt. 16, Cluj-Napoca',NULL,'567840',NULL,NULL,NULL,'married',NULL,NULL,NULL,NULL,NULL,NULL),
 (888,'Anastasia','Fechete','Str. Calea Floresti, Nr. 77, Bloc V3 sc4, Etaj -, Apt. 87, Cluj-Napoca',NULL,'579392',NULL,NULL,NULL,'widow(er)',NULL,NULL,NULL,NULL,NULL,NULL),
 (889,'Vasile','Pop','Str. Tasnad, Nr. 20, Bloc E3 sc2, Etaj 3, Apt. 17, Cluj-Napoca',NULL,'577562',NULL,NULL,NULL,'married',NULL,NULL,NULL,NULL,NULL,NULL),
 (890,'Irina','Pop','Str. Tasnad, Nr. 20, Bloc E3 sc2, Etaj 3, Apt. 17, Cluj-Napoca',NULL,'577562',NULL,NULL,NULL,'married',NULL,NULL,NULL,NULL,NULL,NULL),
 (891,'Gavril','Felecan','Str. Donath, Nr. 44, Bloc P4 sc2, Etaj 1, Apt. 14, Cluj-Napoca',NULL,'587112',NULL,NULL,NULL,'married',NULL,NULL,NULL,NULL,NULL,NULL),
 (892,'Lucretia','Felecan','Str. Donath, Nr. 44, Bloc P4 sc2, Etaj 1, Apt. 14, Cluj-Napoca',NULL,'587112',NULL,NULL,NULL,'married',NULL,NULL,NULL,NULL,NULL,NULL),
 (893,'Otilia','Balea','Str. Mehedinti, Nr. 55-57, Bloc C9 scA, Etaj 9, Apt. 55, Cluj-Napoca',NULL,'567650',NULL,NULL,NULL,'married',NULL,NULL,NULL,NULL,NULL,NULL),
 (894,'Daniel','Ratiu','Str. Maramuresului, Nr. 36, Bloc D sc2, Etaj -, Apt. 50, Cluj-Napoca',NULL,'0745369559',NULL,NULL,NULL,'married',NULL,NULL,NULL,NULL,NULL,NULL),
 (895,'Simona Gabriela','Ratiu','Str. Maramuresului, Nr. 36, Bloc D sc2, Etaj -, Apt. 50, Cluj-Napoca',NULL,NULL,NULL,NULL,NULL,'married',NULL,NULL,NULL,NULL,NULL,NULL),
 (896,'Maria','Sgirgi','Str. Aleea Garbau, Nr. 5, Bloc -, Etaj -, Apt. 10, Cluj-Napoca',NULL,NULL,NULL,NULL,NULL,'',NULL,NULL,NULL,NULL,NULL,NULL),
 (897,'Gheorghe','Boca','Str. Fantanele, Nr. 5, Bloc R sc1, Etaj -, Apt. 3, Cluj-Napoca',NULL,'585796',NULL,NULL,NULL,'married',NULL,NULL,NULL,NULL,NULL,NULL),
 (898,'Rodica','Costea','Str. Mehedinti, Nr. 61-63, Bloc C8 sc1, Etaj 7, Apt. 48, Cluj-Napoca',NULL,'576863',NULL,NULL,NULL,'married',NULL,NULL,NULL,NULL,NULL,NULL),
 (899,'Tabita','Saulean','Str. Ion Mester, Nr. 6, Bloc J sc1, Etaj 6, Apt. 26, Cluj-Napoca',NULL,'579283',NULL,NULL,NULL,'married',NULL,NULL,NULL,NULL,NULL,NULL),
 (900,'Mircea','Surdu','Str. Mehedinti, Nr. 51-53, Bloc C10, Etaj -, Apt. 54, Cluj-Napoca',NULL,NULL,NULL,NULL,NULL,'married',NULL,NULL,NULL,NULL,NULL,NULL),
 (901,'Olimpiu Eugen','Serban','Str. Aleea Vidraru, Nr. -, Bloc C2, Etaj 8, Apt. 120, Cluj-Napoca',NULL,NULL,NULL,NULL,NULL,'',NULL,NULL,NULL,NULL,NULL,NULL),
 (902,'Aurora','Ones','Str. Motilor, Nr. 64, Bloc -, Etaj -, Apt. 10, Cluj-Napoca',NULL,NULL,NULL,NULL,NULL,'married',NULL,NULL,NULL,NULL,NULL,NULL),
 (903,'Rozalia','Nierges','Str. Moldoveanu, Nr. 9, Bloc R7 sc1, Etaj 2, Apt. 10, Cluj-Napoca',NULL,NULL,NULL,NULL,NULL,'widow(er)',NULL,NULL,NULL,NULL,NULL,NULL),
 (904,'Maria','Rogozan','Str. Aleea Padin, Nr. 27, Bloc E9 sc1, Etaj P, Apt. 2, Cluj-Napoca',NULL,NULL,NULL,NULL,NULL,'widow(er)',NULL,NULL,NULL,NULL,NULL,NULL),
 (905,'Gheorghe','Boros','Str. Aleea Vidraru, Nr. 17-19, Bloc C2 sc1, Etaj 7, Apt. 48, Cluj-Napoca',NULL,'575673',NULL,NULL,NULL,'married',NULL,NULL,NULL,NULL,NULL,NULL),
 (906,'Vasile','Faur','Str. Plopilor, Nr. 67, Bloc P5 sc1, Etaj 2, Apt. 6, Cluj-Napoca',NULL,'589340',NULL,NULL,NULL,'married',NULL,NULL,NULL,NULL,NULL,NULL),
 (907,'Leontina','Faur','Str. Plopilor, Nr. 67, Bloc P5 sc1, Etaj 2, Apt. 6, Cluj-Napoca',NULL,'589340',NULL,NULL,NULL,'married',NULL,NULL,NULL,NULL,NULL,NULL),
 (908,'Maria','Pogacian','Str. Parang, Nr. 17, Bloc M10, Etaj 8, Apt. 53, Cluj-Napoca',NULL,'576483',NULL,NULL,NULL,'divorced',NULL,NULL,NULL,NULL,NULL,NULL),
 (909,'Rodica','Scurtu','Str. Honore de Balzac, Nr. 12A, Bloc -, Etaj -, Apt. -, Cluj-Naoca',NULL,'586934',NULL,NULL,NULL,'married',NULL,NULL,NULL,NULL,NULL,NULL),
 (910,'Mihai','Lup','Str. Aleea Cioplea, Nr. 11, Bloc S10, Etaj 1 sc1, Apt. 5, Cluj-Napoca',NULL,'458832',NULL,NULL,NULL,'married',NULL,NULL,NULL,NULL,NULL,NULL),
 (911,'Ana Lucica','Lup','Str. Aleea Cioplea, Nr. 11, Bloc S10, Etaj 1 sc1, Apt. 5, Cluj-Napoca',NULL,'458832',NULL,NULL,NULL,'married',NULL,NULL,NULL,NULL,NULL,NULL),
 (912,'Vasile','Neaga','Str. M-sal Ion Antonescu, Nr. 6, Bloc S2 sc2, Etaj 4, Apt. 50, Cluj-Napoca',NULL,'575474',NULL,NULL,NULL,'married',NULL,NULL,NULL,NULL,NULL,NULL),
 (913,'Rodica Maria','Dregan','Str. Sesului, Nr. 2, Bloc S2 sc4, Etaj -, Apt. 38, Cluj-Napoca',NULL,'429369',NULL,NULL,NULL,'divorced',NULL,NULL,NULL,NULL,NULL,NULL),
 (914,'Cornelia Raveca','Mesesan','Str. Portile de Fier, Nr. 8, Bloc B9, Etaj -, Apt. 1, Cluj-Napoca',NULL,'426590',NULL,NULL,NULL,'',NULL,NULL,NULL,NULL,NULL,NULL),
 (915,'Ioan','Plesa','Str. Mogosoaia, Nr. 7, Bloc L1 sc5, Etaj 3, Apt. 47, Cluj-Napoca',NULL,NULL,NULL,NULL,NULL,'married',NULL,NULL,NULL,NULL,NULL,NULL),
 (916,'Rozalia','Neaga','Str. M-sal Ion Antonescu, Nr. 6, Bloc S2 sc2, Etaj 4, Apt. 50, Cluj-Napoca',NULL,'575974',NULL,NULL,NULL,'married',NULL,NULL,NULL,NULL,NULL,NULL),
 (917,'Lucica','Muresan','Str. Bucium, Nr. 5, Bloc D3 sc4, Etaj -, Apt. 31, Cluj-Napoca',NULL,NULL,NULL,NULL,NULL,'',NULL,NULL,NULL,NULL,NULL,NULL),
 (918,'Ioan','Daraban','Str. Calea Floresti, Nr. 1, Bloc T1 sc4, Etaj -, Apt. 126, Cluj-Napoca',NULL,'579332',NULL,NULL,NULL,'married',NULL,NULL,NULL,NULL,NULL,NULL),
 (919,'Ioan','Sucala','Str. Splaiul Independente, Nr. 5, Bloc -, Etaj 4, Apt. 27, Cluj-Napoca',NULL,'580163',NULL,NULL,NULL,'married',NULL,NULL,NULL,NULL,NULL,NULL),
 (920,'Marinela','Sucala','Str. Splaiul Independente, Nr. 5, Bloc -, Etaj -, Apt. 27, Cluj-Napoca',NULL,'580163',NULL,NULL,NULL,'married',NULL,NULL,NULL,NULL,NULL,NULL),
 (921,'Alexandru','Matis','Str. M-sal Ion Antonescu, Nr. 6, Bloc S2 sc9, Etaj 8, Apt. 335, Cluj-Napoca',NULL,NULL,NULL,NULL,NULL,'married',NULL,NULL,NULL,NULL,NULL,NULL),
 (922,'Maria','Iordan','Str. Calea Manastur, Nr. 85, Bloc E11, Etaj 4 sc1, Apt. 13, Cluj-Napoca',NULL,'426092',NULL,NULL,NULL,'widow(er)',NULL,NULL,NULL,NULL,NULL,NULL),
 (923,'Radu-Dan','Ones','Str. Motilor, Nr. 64, Bloc -, Etaj -, Apt. 10, Cluj-Napoca',NULL,NULL,NULL,NULL,NULL,'married',NULL,NULL,NULL,NULL,NULL,NULL),
 (924,'Ana','Bunea','Str. Retezat, Nr. 2, Bloc N3 sc3, Etaj 4, Apt. 57, Cluj-Napoca',NULL,'569038',NULL,NULL,NULL,'married',NULL,NULL,NULL,NULL,NULL,NULL),
 (925,'Carmen','Popa','Str. Sitarilor, Nr. 50, Bloc -, Etaj -, Apt. -, Cluj-Napoca',NULL,NULL,NULL,NULL,NULL,'',NULL,NULL,NULL,NULL,NULL,NULL),
 (926,'Ana','Pop','Str. Retezat, Nr. 1, Bloc R2 sc4, Etaj 2, Apt. 70, Cluj-Napoca',NULL,NULL,NULL,NULL,NULL,'married',NULL,NULL,NULL,NULL,NULL,NULL),
 (927,'Ioan','Nistor','Str. Cosminului, Nr. 85A, Bloc -, Etaj -, Apt. -, Cluj-Napoca',NULL,NULL,NULL,NULL,NULL,'married',NULL,NULL,NULL,NULL,NULL,NULL),
 (928,'Veronica','Nistor','Str. Cosminului, Nr. 85A, Bloc -, Etaj -, Apt. -, Cluj-Napoca',NULL,NULL,NULL,NULL,NULL,'married',NULL,NULL,NULL,NULL,NULL,NULL),
 (929,'Susana','Tita','Str. Ion Mester, Nr. 5, Bloc D sc3, Etaj 5, Apt. 62, Cluj-Napoca',NULL,'422017',NULL,NULL,NULL,'married',NULL,NULL,NULL,NULL,NULL,NULL),
 (930,'Ernest','Cozma','Str. Bucegi, Nr. 11, Bloc A sc1, Etaj -, Apt. 156, Cluj-Napoca',NULL,NULL,NULL,NULL,NULL,'',NULL,NULL,NULL,NULL,NULL,NULL),
 (931,'Ioan','Pavel','Str. Fantanele, Nr. 1, Bloc P sc6, Etaj 4, Apt. 64, Cluj-Napoca',NULL,'587836',NULL,NULL,NULL,'',NULL,NULL,NULL,NULL,NULL,NULL),
 (932,'Ileana','Peica','Str. Ciucas, Nr. 5, Bloc L1 sc1, Etaj -, Apt. 4, Cluj-Napoca',NULL,'568412',NULL,NULL,NULL,'married',NULL,NULL,NULL,NULL,NULL,NULL),
 (933,'Ana','Haver','Str. Rucar, Nr. 7, Bloc D13, Etaj sc2, Apt. 11, Cluj-Napoca',NULL,NULL,NULL,NULL,NULL,'married',NULL,NULL,NULL,NULL,NULL,NULL),
 (934,'Roxana','Zeciu','Str. Sesului, Nr. 2, Bloc S2, Etaj -, Apt. 8, Cluj-Napoca',NULL,'429346',NULL,NULL,NULL,'',NULL,NULL,NULL,NULL,NULL,NULL),
 (935,'Victoria','Ratiu','Str. Plopilor, Nr. 81, Bloc P19, Etaj 4 sc5, Apt. 58, Cluj-Napoca',NULL,'420148',NULL,NULL,NULL,'married',NULL,NULL,NULL,NULL,NULL,NULL),
 (936,'Ioan','Petrule','Str. Principala, Nr. 26F, Bloc -, Etaj -, Apt. -, Radaia',NULL,'0723808387',NULL,NULL,NULL,'married',NULL,NULL,NULL,NULL,NULL,NULL),
 (937,'Eugenia','Miclea','Str. Grigore Alexandrescu, Nr. 45, Bloc F2 sc3, Etaj -, Apt. 55, Cluj-Napoca',NULL,'566613',NULL,NULL,NULL,'widow(er)',NULL,NULL,NULL,NULL,NULL,NULL),
 (938,'Elena','Serban','Str. M-sal Ion Antonescu, Nr. 6, Bloc S2, Etaj -, Apt. 268, Cluj-Napoca',NULL,NULL,NULL,NULL,NULL,'married',NULL,NULL,NULL,NULL,NULL,NULL),
 (939,'Magdalena','Chiorean','Str. Islazului, Nr. 6, Bloc A sc2, Etaj 2, Apt. 29, Cluj-Napoca',NULL,'579230',NULL,NULL,NULL,'widow(er)',NULL,NULL,NULL,NULL,NULL,NULL),
 (940,'Maria','Ludusan','Str. Campului, Nr. 41, Bloc -, Etaj -, Apt. 2, Cluj-Napoca',NULL,'457303',NULL,NULL,NULL,'married',NULL,NULL,NULL,NULL,NULL,NULL),
 (941,'Maria','Iurian','Str. Ion Mester, Nr. 10, Bloc -, Etaj -, Apt. 60, Cluj-Napoca',NULL,NULL,NULL,NULL,NULL,'',NULL,NULL,NULL,NULL,NULL,NULL),
 (942,'Monica','Crisan','Str. Aleea Micus, Nr. 6, Bloc A9 sc1, Etaj 8, Apt. 34, Cluj-Napoca',NULL,'575468',NULL,NULL,NULL,'',NULL,NULL,NULL,NULL,NULL,NULL),
 (943,'Lenuta','Stanciu','Str. Retezat, Nr. 2, Bloc N3 sc1, Etaj 2, Apt. 10, Cluj-Napoca',NULL,'574261',NULL,NULL,NULL,'',NULL,NULL,NULL,NULL,NULL,NULL),
 (944,'Susana','Muncaciu','Str. 1 Decembrie 1918, Nr. 124, Bloc E\" sc6, Etaj p, Apt. 51, Cluj-Napoca',NULL,'586334',NULL,NULL,NULL,'widow(er)',NULL,NULL,NULL,NULL,NULL,NULL),
 (945,'Daniel Gavril','Moldovan','Str. Micus, Nr. 6, Bloc A9 sc1, Etaj p, Apt. 3, Cluj-Napoca',NULL,NULL,NULL,NULL,NULL,'married',NULL,NULL,NULL,NULL,NULL,NULL),
 (946,'Delia Daniela','Fodorean','Str. M-sal Ion Antonescu, Nr. 2, Bloc S4 sc6, Etaj P, Apt. 204, Cluj-Napoca',NULL,'565126',NULL,NULL,NULL,'married',NULL,NULL,NULL,NULL,NULL,NULL),
 (947,'Semida','Fodorean','Str. Mogosoaia, Nr. 2, Bloc -, Etaj P, Apt. 12, Cluj-Napoca',NULL,'421334',NULL,NULL,NULL,'',NULL,NULL,NULL,NULL,NULL,NULL),
 (948,'Paula Daniela','Oros Gaciu','Str. Mehedinti, Nr. 7, Bloc R2 sc2, Etaj 4, Apt. 40, Cluj-Napoca',NULL,'094/259009',NULL,NULL,NULL,'married',NULL,NULL,NULL,NULL,NULL,NULL),
 (949,'Simona Sorina','Pop','Str. Mehedinti, Nr. 17, Bloc O2, Etaj -, Apt. 18, Cluj-Napoca',NULL,'0742508874',NULL,NULL,NULL,'married',NULL,NULL,NULL,NULL,NULL,NULL),
 (950,'Daniel','Poputa','Str. Fantanele, Nr. -, Bloc -, Etaj 3, Apt. -, Cluj-Napoca',NULL,NULL,NULL,NULL,NULL,'married',NULL,NULL,NULL,NULL,NULL,NULL),
 (951,'Augustin','Oltean','Str. Graurilor, Nr. 25, Bloc -, Etaj -, Apt. -, Cluj-Napoca',NULL,NULL,NULL,NULL,NULL,'married',NULL,NULL,NULL,NULL,NULL,NULL),
 (952,'Veronica','Oltean','Str. Graurilor, Nr. 25, Bloc -, Etaj -, Apt. -, Cluj-Napoca',NULL,NULL,NULL,NULL,NULL,'married',NULL,NULL,NULL,NULL,NULL,NULL),
 (953,'Aurel','Matis','Str. Mehedinti, Nr. 13, Bloc O1 sc4, Etaj 2, Apt. 78, Cluj-Napoca',NULL,'563753',NULL,NULL,NULL,'married',NULL,NULL,NULL,NULL,NULL,NULL),
 (954,'Ana','Corpodean','Str. Donath, Nr. -, Bloc VII, Etaj 3 scC, Apt. 40, Cluj-Napoca',NULL,'580662',NULL,NULL,NULL,'married',NULL,NULL,NULL,NULL,NULL,NULL),
 (955,'Anca','Crucin','Str. M-sal Ion Antonescu, Nr. 2, Bloc S4 sc5, Etaj -, Apt. 248, Cluj-Napoca',NULL,NULL,NULL,NULL,NULL,'',NULL,NULL,NULL,NULL,NULL,NULL),
 (956,'Alexandru','Niculas','Str. Alexandru Vlahuta, Nr. 31, Bloc N4, Etaj 2, Apt. 32, Cluj-Napoca',NULL,NULL,NULL,NULL,NULL,'married',NULL,NULL,NULL,NULL,NULL,NULL),
 (957,'Eugenia','Scrob','Str. Alexandru Vlahuta, Nr. 59-61, Bloc N3 sc4, Etaj P, Apt. 32, Cluj-Napoca',NULL,'587911',NULL,NULL,NULL,'widow(er)',NULL,NULL,NULL,NULL,NULL,NULL),
 (958,'Ludovica','Goron','Str. Arinilor, Nr. 15, Bloc B5 sc2, Etaj 3, Apt. 52, Cluj-Napoca',NULL,'425827',NULL,NULL,NULL,'',NULL,NULL,NULL,NULL,NULL,NULL),
 (959,'Nicolae Mircea','Gavris','Str. Valea Finatelor, Nr. 15, Bloc -, Etaj -, Apt. -, Cluj-Napoca',NULL,'0740050763',NULL,NULL,NULL,'married',NULL,NULL,NULL,NULL,NULL,NULL),
 (960,'Veronica','Pop','Str. Brates, Nr. 5, Bloc I2, Etaj -, Apt. 68, Cluj-Napoca',NULL,'578219',NULL,NULL,NULL,'',NULL,NULL,NULL,NULL,NULL,NULL),
 (961,'Maria','Jurj','Str. Calea Floresti, Nr. 6, Bloc -, Etaj -, Apt. 91, Cluj-Napoca',NULL,NULL,NULL,NULL,NULL,'',NULL,NULL,NULL,NULL,NULL,NULL),
 (962,'Eugenia Steluta','Farcas','Str. Izlazului, Nr. 18, Bloc C sc4, Etaj 8, Apt. 127, Cluj-Napoca',NULL,'572198',NULL,NULL,NULL,'divorced',NULL,NULL,NULL,NULL,NULL,NULL),
 (963,'Livia','Isac','Str. Izlazului, Nr. 18, Bloc C sc7, Etaj 5, Apt. 212, Cluj-Napoca',NULL,'575279',NULL,NULL,NULL,'widow(er)',NULL,NULL,NULL,NULL,NULL,NULL),
 (964,'Vasile','Mester','Str. Mehedinti, Nr. 70-72, Bloc D1, Etaj -, Apt. 2, Cluj-Napoca',NULL,'459234',NULL,NULL,NULL,'married',NULL,NULL,NULL,NULL,NULL,NULL),
 (965,'Ileana','Mester','Str. Mehedinti, Nr. 70-72, Bloc D1, Etaj -, Apt. 2, Cluj-Napoca',NULL,'459234',NULL,NULL,NULL,'married',NULL,NULL,NULL,NULL,NULL,NULL),
 (966,'Nastasia','Moldovan','Str. Mehedinti, Nr. 74, Bloc G15, Etaj -, Apt. 22, Cluj-Napoca',NULL,NULL,NULL,NULL,NULL,'',NULL,NULL,NULL,NULL,NULL,NULL),
 (967,'Ioan','Mare','Str. Mehedinti, Nr. 31, Bloc E4 sc1, Etaj 3, Apt. 8, Cluj-Napoca',NULL,'574566',NULL,NULL,NULL,'married',NULL,NULL,NULL,NULL,NULL,NULL),
 (968,'Rozalia','Mare','Str. Mehedinti, Nr. 31, Bloc E4 sc1, Etaj 3, Apt. 8, Cluj-Napoca',NULL,'574566',NULL,NULL,NULL,'married',NULL,NULL,NULL,NULL,NULL,NULL),
 (969,'Eugenia','Micusan','Str. Pandurilor, Nr. 8, Bloc L2 scA, Etaj -, Apt. 11, Cluj-Napoca',NULL,'564718',NULL,NULL,NULL,'married',NULL,NULL,NULL,NULL,NULL,NULL),
 (970,'Simona','Pop','Str. Aleea Padin, Nr. 20, Bloc V1 sc3, Etaj -, Apt. 29, Cluj-Napoca',NULL,NULL,NULL,NULL,NULL,'',NULL,NULL,NULL,NULL,NULL,NULL),
 (971,'Sia','Racoti','Str. Parang, Nr. 31, Bloc H14, Etaj 7, Apt. 43, Cluj-Napoca',NULL,'564640',NULL,NULL,NULL,'married',NULL,NULL,NULL,NULL,NULL,NULL),
 (972,'Dariola Carmen','Gavris','Str. Valea Fanatelor, Nr. 15, Bloc -, Etaj -, Apt. -, Cluj-Napoca',NULL,NULL,NULL,NULL,NULL,'married',NULL,NULL,NULL,NULL,NULL,NULL),
 (973,'Maria','Hanu','Str. Calea Floresti, Nr. 1, Bloc T1 sc1, Etaj -, Apt. 7, Cluj-Napoca',NULL,'572240',NULL,NULL,NULL,'',NULL,NULL,NULL,NULL,NULL,NULL),
 (974,'Valeria','Matis','Str. Mehedinti, Nr. 13, Bloc O1 sc4, Etaj 2, Apt. 78, Cluj-Napoca',NULL,'563753',NULL,NULL,NULL,'married',NULL,NULL,NULL,NULL,NULL,NULL),
 (975,'Floarea','Petrule','Str. Principala, Nr. 26F, Bloc -, Etaj -, Apt. -, Radaia',NULL,'0741032988',NULL,NULL,NULL,'married',NULL,NULL,NULL,NULL,NULL,NULL),
 (976,'Dorina','Moldovan','Str. Plopilor, Nr. 67, Bloc P5 sc3, Etaj 2, Apt. 26, Cluj-Napoca',NULL,NULL,NULL,NULL,NULL,'married',NULL,NULL,NULL,NULL,NULL,NULL),
 (977,'Maria','Cocan','Str. M-sal Ion Antonescu, Nr. 8, Bloc S1 sc5, Etaj 6, Apt. 163, Cluj-Napoca',NULL,'576415',NULL,NULL,NULL,'married',NULL,NULL,NULL,NULL,NULL,NULL),
 (978,'Ioan','Cocan','Str. M-sal Ion Antonescu, Nr. 8, Bloc S1 sc5, Etaj 6, Apt. 163, Cluj-Napoca',NULL,'576415',NULL,NULL,NULL,'married',NULL,NULL,NULL,NULL,NULL,NULL),
 (979,'Cristian Dan','Pop','Str. Mehedinti, Nr. 17, Bloc O2, Etaj 4, Apt. 18, Cluj-Napoca',NULL,'422256',NULL,NULL,NULL,'married',NULL,NULL,NULL,NULL,NULL,NULL),
 (980,'Margit','Dolean','Str. Tasnad, Nr. 7, Bloc P4 sc1, Etaj 2, Apt. 7, Cluj-Napoca',NULL,'426295',NULL,NULL,NULL,'married',NULL,NULL,NULL,NULL,NULL,NULL),
 (981,'Livia','Nagy','Str. Bucegi, Nr. 8, Bloc sc1, Etaj 3, Apt. 15, Cluj-Napoca',NULL,NULL,NULL,NULL,NULL,'widow(er)',NULL,NULL,NULL,NULL,NULL,NULL),
 (982,'Teodor','Sagau','Str. Parang, Nr. 37, Bloc I2, Etaj 5, Apt. 95, Cluj-Napoca',NULL,NULL,NULL,NULL,NULL,'married',NULL,NULL,NULL,NULL,NULL,NULL),
 (983,'Marioara','Mecles','Str. Mehedinti, Nr. 61-63, Bloc C8 sc1, Etaj 7, Apt. 43, Cluj-Napoca',NULL,NULL,NULL,NULL,NULL,'',NULL,NULL,NULL,NULL,NULL,NULL),
 (984,'Floare','Muntean','Str. M-sal Ion Antonescu, Nr. 4, Bloc S3 sc3, Etaj p, Apt. 66, Cluj-Napoca',NULL,'576201',NULL,NULL,NULL,'married',NULL,NULL,NULL,NULL,NULL,NULL),
 (985,'Corneliu','Gog','Str. Clabucet, Nr. 11, Bloc R2 sc5, Etaj -, Apt. 90, Cluj-Napoca',NULL,'569592',NULL,NULL,NULL,'married',NULL,NULL,NULL,NULL,NULL,NULL),
 (986,'Mariana','Matis','Str. M-sal Ion Antonescu, Nr. 6, Bloc S2 sc9, Etaj 8, Apt. 335, Cluj-Napoca',NULL,NULL,NULL,NULL,NULL,'married',NULL,NULL,NULL,NULL,NULL,NULL),
 (987,'Dina','Tarta','Str. Plopilor, Nr. 67, Bloc P5 sc3, Etaj 1, Apt. 23, Cluj-Napoca',NULL,'420259',NULL,NULL,NULL,'married',NULL,NULL,NULL,NULL,NULL,NULL),
 (988,'Leontin','Dolha','Str. Tasnad, Nr. 23, Bloc -, Etaj -, Apt. 28, Cluj-Napoca',NULL,'427558',NULL,NULL,NULL,'married',NULL,NULL,NULL,NULL,NULL,NULL),
 (989,'Lucia','Dolha','Str. Tasnad, Nr. 23, Bloc -, Etaj -, Apt. 28, Cluj-Napoca',NULL,'427558',NULL,NULL,NULL,'married',NULL,NULL,NULL,NULL,NULL,NULL),
 (990,'Eugenia','Boitan','Str. Bucegi, Nr. 11, Bloc A1, Etaj 1, Apt. 21, Cluj-Napoca',NULL,NULL,NULL,NULL,NULL,'',NULL,NULL,NULL,NULL,NULL,NULL),
 (991,'Elena','Adam','Str. Bucegi, Nr. 11, Bloc A1 sc1, Etaj 5, Apt. 87, Cluj-Napoca',NULL,NULL,NULL,NULL,NULL,'widow(er)',NULL,NULL,NULL,NULL,NULL,NULL),
 (992,'Gavril','Muntean','Str. Mehedinti, Nr. 86, Bloc S4 sc1, Etaj 2, Apt. 6, Cluj-Napoca',NULL,NULL,NULL,NULL,NULL,'married',NULL,NULL,NULL,NULL,NULL,NULL),
 (993,'Maria','Muntean','Str. Mehedinti, Nr. 86, Bloc S4 sc1, Etaj 2, Apt. 6, Cluj-Napoca',NULL,NULL,NULL,NULL,NULL,'married',NULL,NULL,NULL,NULL,NULL,NULL),
 (994,'Lucretia','Persa','Str. Brates, Nr. 16, Bloc E2 sc1, Etaj 3, Apt. 8, Cluj-Napoca',NULL,'573837',NULL,NULL,NULL,'married',NULL,NULL,NULL,NULL,NULL,NULL),
 (995,'Ioan','Podar','Str. Aurel Vlaicu, Nr. 23, Bloc -, Etaj -, Apt. 5, Com Alunis',NULL,NULL,NULL,NULL,NULL,'',NULL,NULL,NULL,NULL,NULL,NULL),
 (996,'Timoftei','Cuibus','Str. Aleea Garbau, Nr. 3, Bloc P1 sc3, Etaj P, Apt. 55, Cluj-Napoca',NULL,'572009',NULL,NULL,NULL,'widow(er)',NULL,NULL,NULL,NULL,NULL,NULL),
 (997,'Fira Aurelia','Armanca','Str. Mehedinti, Nr. 13, Bloc O1 sc1, Etaj 1, Apt. 6, Cluj-Napoca',NULL,NULL,NULL,NULL,NULL,'married',NULL,NULL,NULL,NULL,NULL,NULL),
 (998,'Ioan','Mocan','Str. M-sal Ion Antonescu, Nr. 4, Bloc S3 sc4, Etaj 2, Apt. 108, Cluj-Napoca',NULL,'578390',NULL,NULL,NULL,'married',NULL,NULL,NULL,NULL,NULL,NULL),
 (999,'Lidia','Mocan','Str. M-sal Ion Antonescu, Nr. 4, Bloc S3 sc4, Etaj 2, Apt. 108, Cluj-Napoca',NULL,'578390',NULL,NULL,NULL,'married',NULL,NULL,NULL,NULL,NULL,NULL),
 (1000,'Gavril','Duma','Str. M-sal Ion Antonescu, Nr. 2, Bloc S4 sc1, Etaj 7, Apt. 29, Cluj-Napoca',NULL,NULL,NULL,NULL,NULL,'married',NULL,NULL,NULL,NULL,NULL,NULL),
 (1001,'Irina','Duma','Str. M-sal Ion Antonescu, Nr. 2, Bloc S4 sc1, Etaj 7, Apt. 29, Cluj-Napoca',NULL,NULL,NULL,NULL,NULL,'married',NULL,NULL,NULL,NULL,NULL,NULL),
 (1002,'Susana','Covaci','Str. Aleea Peana, Nr. 18, Bloc V6 sc6, Etaj 8, Apt. 81, Cluj-Napoca',NULL,NULL,NULL,NULL,NULL,'',NULL,NULL,NULL,NULL,NULL,NULL),
 (1003,'Teodor Cristian','Lucaciu','Str. Moldoveanu, Nr. 9, Bloc B, Etaj -, Apt. 2, Cluj-Napoca',NULL,NULL,NULL,NULL,NULL,'',NULL,NULL,NULL,NULL,NULL,NULL),
 (1004,'Viorica Ioana','Tarau','Str. Ion Mester, Nr. 12, Bloc L\' sc2, Etaj 5, Apt. 50, Cluj-Napoca',NULL,'573160',NULL,NULL,NULL,'married',NULL,NULL,NULL,NULL,NULL,NULL),
 (1005,'Silviu','Mateut','Str. Mehedinti, Nr. 42-44, Bloc D8 sc2, Etaj 1, Apt. 74, Cluj-Napoca',NULL,'458734',NULL,NULL,NULL,'married',NULL,NULL,NULL,NULL,NULL,NULL),
 (1006,'Domnica','Bucur','Str. M-sal Ion Antonescu, Nr. 6, Bloc S2 sc3, Etaj 7, Apt. 90, Cluj-Napoca',NULL,'577487',NULL,NULL,NULL,'married',NULL,NULL,NULL,NULL,NULL,NULL),
 (1007,'Elena','Crisan','Str. Parang, Nr. 13, Bloc X2, Etaj -, Apt. 44, Cluj-Napoca',NULL,'570138',NULL,NULL,NULL,'',NULL,NULL,NULL,NULL,NULL,NULL),
 (1008,'Cornel','Plesa','Str. Oasului, Nr. 162D, Bloc -, Etaj -, Apt. -, Cluj-Napoca',NULL,NULL,NULL,NULL,NULL,'married',NULL,NULL,NULL,NULL,NULL,NULL),
 (1009,'Semida','Plesa','Str. Oasului, Nr. 162D, Bloc -, Etaj -, Apt. -, Cluj-Napoca',NULL,NULL,NULL,NULL,NULL,'married',NULL,NULL,NULL,NULL,NULL,NULL),
 (1010,'Marioara','Dardai','Str. Aleea Peana, Nr. 18, Bloc V6 scC, Etaj p, Apt. 55, Cluj-Napoca',NULL,'578623',NULL,NULL,NULL,'widow(er)',NULL,NULL,NULL,NULL,NULL,NULL),
 (1011,'Elena','Moldovean','Str. Grigore Alexandrescu, Nr. 37, Bloc F3 sc2, Etaj 3, Apt. 37, Cluj-Napoca',NULL,'561911',NULL,NULL,NULL,'married',NULL,NULL,NULL,NULL,NULL,NULL),
 (1012,'Simion','Crisan','Str. Parang, Nr. 13, Bloc X2, Etaj 2, Apt. 44, Cluj-Napoca',NULL,'570138',NULL,NULL,NULL,'',NULL,NULL,NULL,NULL,NULL,NULL),
 (1013,'Victoria','Lingurar','Str. Caminul de batrani, Nr. -, Bloc -, Etaj -, Apt. -, Cluj-Napoca',NULL,NULL,NULL,NULL,NULL,'divorced',NULL,NULL,NULL,NULL,NULL,NULL),
 (1014,'Cornel','Zirbo','Str. Grigore Alexandrescu, Nr. 29, Bloc K11, Etaj 2 sc1, Apt. 9, Cluj-Napoca',NULL,'566283',NULL,NULL,NULL,'married',NULL,NULL,NULL,NULL,NULL,NULL),
 (1015,'Calin','Losonti Pop','Str. Frunzisului, Nr. 29, Bloc -, Etaj -, Apt. -, Cluj-Napoca',NULL,'0788575339',NULL,NULL,NULL,'married',NULL,NULL,NULL,NULL,NULL,NULL),
 (1016,'Maria','Marin','Str. Ion Mester, Nr. 6, Bloc J sc6, Etaj 4, Apt. 190, Cluj-Napoca',NULL,NULL,NULL,NULL,NULL,'widow(er)',NULL,NULL,NULL,NULL,NULL,NULL),
 (1017,'Dan','Silasi','Str. Grigore Alexandrescu, Nr. 31, Bloc O1, Etaj -, Apt. 61, Cluj-Napoca',NULL,NULL,NULL,NULL,NULL,'married',NULL,NULL,NULL,NULL,NULL,NULL),
 (1018,'Mariana','Silasi','Str. Grigore Alexandrescu, Nr. 31, Bloc O1, Etaj -, Apt. 61, Cluj-Napoca',NULL,NULL,NULL,NULL,NULL,'married',NULL,NULL,NULL,NULL,NULL,NULL),
 (1019,'Calin','Moholea','Str. Mehedinti, Nr. 13, Bloc O2 sc4, Etaj 1, Apt. 73, Cluj-Napoca',NULL,NULL,NULL,NULL,NULL,'married',NULL,NULL,NULL,NULL,NULL,NULL),
 (1020,'Ileana','Moholea','Str. Mehedinti, Nr. 13, Bloc O2 sc4, Etaj 1, Apt. 73, Cluj-Napoca',NULL,NULL,NULL,NULL,NULL,'married',NULL,NULL,NULL,NULL,NULL,NULL),
 (1021,'Cornel','Rafai','Str. Calea Manastur, Nr. 70, Bloc E5 sc2, Etaj 8, Apt. 61, Cluj-Napoca',NULL,'425390',NULL,NULL,NULL,'married',NULL,NULL,NULL,NULL,NULL,NULL),
 (1022,'Victoria','Rafai','Str. Calea Manastur, Nr. 70, Bloc E5 sc2, Etaj 8, Apt. 61, Cluj-Napoca',NULL,'425390',NULL,NULL,NULL,'married',NULL,NULL,NULL,NULL,NULL,NULL),
 (1023,'Dorina','Baias','Str. Retezat, Nr. 1, Bloc R2 sc2, Etaj 2, Apt. 32, Cluj-Napoca',NULL,'575460',NULL,NULL,NULL,'married',NULL,NULL,NULL,NULL,NULL,NULL),
 (1024,'Maria','Taran','Str. Aleea Vidraru, Nr. 13-15, Bloc C3 sc2, Etaj 6, Apt. 106, Cluj-Napoca',NULL,'561730',NULL,NULL,NULL,'married',NULL,NULL,NULL,NULL,NULL,NULL),
 (1025,'Alexandru','Lugigan','Str. Parang, Nr. 21, Bloc H12, Etaj 2, Apt. 18, Cluj-Napoca',NULL,'564851',NULL,NULL,NULL,'married',NULL,NULL,NULL,NULL,NULL,NULL),
 (1026,'Ileana','Lugigan','Str. Parang, Nr. 21, Bloc H12, Etaj 2, Apt. 18, Cluj-Napoca',NULL,'564851',NULL,NULL,NULL,'married',NULL,NULL,NULL,NULL,NULL,NULL),
 (1027,'Claudiu Mircea','Sirdea','Str. Islazului, Nr. 6, Bloc A sc1, Etaj 7, Apt. 19, Cluj-Napoca',NULL,NULL,NULL,NULL,NULL,'',NULL,NULL,NULL,NULL,NULL,NULL),
 (1028,'Ana Maria','Pulbere','Str. Brates, Nr. 6, Bloc F1 sc2, Etaj 2, Apt. 15, Cluj-Napoca',NULL,NULL,NULL,NULL,NULL,'',NULL,NULL,NULL,NULL,NULL,NULL),
 (1029,'Daniel Eugen','Gog','Str. Aleea Cioplea, Nr. 10, Bloc -, Etaj -, Apt. 18, Cluj-Napoca',NULL,'458856',NULL,NULL,NULL,'married',NULL,NULL,NULL,NULL,NULL,NULL),
 (1030,'Dorica','Serdean','Str. Gen Erem. Grigorescu, Nr. 1, Bloc scA, Etaj 2, Apt. 7, Cluj-Napoca',NULL,'420977',NULL,NULL,NULL,'married',NULL,NULL,NULL,NULL,NULL,NULL),
 (1031,'Ana Lidia','Pop','Str. Aleea Cioplea, Nr. 11, Bloc S10, Etaj 2 sc1, Apt. 8, Cluj-Napoca',NULL,'480849',NULL,NULL,NULL,'married',NULL,NULL,NULL,NULL,NULL,NULL),
 (1032,'Victoria','Popa','Str. Calea Floresti, Nr. 77, Bloc V3 sc1, Etaj 3, Apt. 9, Cluj-Napoca',NULL,'579323',NULL,NULL,NULL,'married',NULL,NULL,NULL,NULL,NULL,NULL),
 (1033,'Ioan','Craciun','Str. Jean Jaure, Nr. 4, Bloc -, Etaj -, Apt. -, Cluj-Napoca',NULL,'454020',NULL,NULL,NULL,'married',NULL,NULL,NULL,NULL,NULL,NULL),
 (1034,'Otilia','Craciun','Str. Jean Jaure, Nr. 4, Bloc -, Etaj -, Apt. -, Cluj-Napoca',NULL,'454020',NULL,NULL,NULL,'married',NULL,NULL,NULL,NULL,NULL,NULL),
 (1035,'Ana','Serdean','Str. M-sal Ion Antonescu, Nr. 14, Bloc D19, Etaj 4 sc2, Apt. 23, Cluj-Napoca',NULL,'569731',NULL,NULL,NULL,'married',NULL,NULL,NULL,NULL,NULL,NULL),
 (1036,'Maria','Zirbo','Str. Grigore Alexandrescu, Nr. 29, Bloc K11, Etaj 2 sc1, Apt. 9, Cluj-Napoca',NULL,'566283',NULL,NULL,NULL,'married',NULL,NULL,NULL,NULL,NULL,NULL),
 (1037,'Florica','Costea','Str. M-sal Ion Antonescu, Nr. 2, Bloc S4 sc4, Etaj -, Apt. 153, Cluj-Napoca',NULL,'574180',NULL,NULL,NULL,'',NULL,NULL,NULL,NULL,NULL,NULL),
 (1038,'Rodica','Fesnic','Str. Ion Mester, Nr. 1, Bloc O1 sc3, Etaj 1, Apt. 27, Cluj-Napoca',NULL,'425450',NULL,NULL,NULL,'married',NULL,NULL,NULL,NULL,NULL,NULL),
 (1039,'Nicolae','Cristea','Str. Dunarii, Nr. 28, Bloc sc1, Etaj 1, Apt. 4, Cluj-Napoca',NULL,'553282',NULL,NULL,NULL,'married',NULL,NULL,NULL,NULL,NULL,NULL),
 (1040,'Sorina','Farcas','Str. Mehedinti, Nr. 55-57, Bloc C9 sc2, Etaj 3, Apt. 90, Cluj-Napoca',NULL,'567134',NULL,NULL,NULL,'',NULL,NULL,NULL,NULL,NULL,NULL),
 (1041,'Elena','Muresan','Str. Mehedinti, Nr. 16, Bloc D15, Etaj 4 sc2, Apt. 74, Cluj-Napoca',NULL,NULL,NULL,NULL,NULL,'',NULL,NULL,NULL,NULL,NULL,NULL),
 (1042,'Codruta','Marc','Str. M-sal Ion Antonescu, Nr. 4, Bloc S3 sc3, Etaj P, Apt. 66, Cluj-Napoca',NULL,'576201',NULL,NULL,NULL,'married',NULL,NULL,NULL,NULL,NULL,NULL),
 (1043,'Gavril','Bagarean','Str. Calea Manastur, Nr. 107, Bloc G7, Etaj 2, Apt. 9, Cluj-Napoca',NULL,'426508',NULL,NULL,NULL,'married',NULL,NULL,NULL,NULL,NULL,NULL),
 (1044,'Mihaela','Micu','Str. Calea Floresti, Nr. 62, Bloc A1 sc7, Etaj 8, Apt. 223, Cluj-Napoca',NULL,NULL,NULL,NULL,NULL,'',NULL,NULL,NULL,NULL,NULL,NULL),
 (1045,'Alexandru','Sandor','Str. Donath, Nr. 198, Bloc A1 sc1, Etaj 6, Apt. 25, Cluj-Napoca',NULL,'0364119532',NULL,NULL,NULL,'married',NULL,NULL,NULL,NULL,NULL,NULL),
 (1046,'Alina','Cozma','Str. Ion Mester, Nr. 5, Bloc D sc3, Etaj 5, Apt. 61, Cluj-Napoca',NULL,'579102',NULL,NULL,NULL,'',NULL,NULL,NULL,NULL,NULL,NULL),
 (1047,'Iulia Ioana','Nan','Str. Gelu Voievod, Nr. 6G, Bloc -, Etaj -, Apt. -, Borhanci',NULL,'550750',NULL,NULL,NULL,'married',NULL,NULL,NULL,NULL,NULL,NULL),
 (1048,'Florica','Pura','Str. M-sal Ion Antonescu, Nr. 4, Bloc S3 sc7, Etaj 5, Apt. 253, Cluj-Napoca',NULL,NULL,NULL,NULL,NULL,'',NULL,NULL,NULL,NULL,NULL,NULL),
 (1049,'Delia','Persa','Str. Grigore Alexandrescu, Nr. 53, Bloc E6 sc2, Etaj -, Apt. 24, Cluj-Napoca',NULL,NULL,NULL,NULL,NULL,'married',NULL,NULL,NULL,NULL,NULL,NULL),
 (1050,'Ana','Tarta','Str. Pasteur, Nr. 61, Bloc XID, Etaj -, Apt. 22, Cluj-Napoca',NULL,NULL,NULL,NULL,NULL,'',NULL,NULL,NULL,NULL,NULL,NULL),
 (1051,'Ioan','Ludusan','Str. Campului, Nr. 41, Bloc -, Etaj -, Apt. 2, Cluj-Napoca',NULL,'457303',NULL,NULL,NULL,'married',NULL,NULL,NULL,NULL,NULL,NULL),
 (1052,'Mariana Camelia','Pop','Str. Ion Mester, Nr. 6, Bloc J sc6, Etaj 4, Apt. 190, Cluj-Napoca',NULL,NULL,NULL,NULL,NULL,'widow(er)',NULL,NULL,NULL,NULL,NULL,NULL),
 (1053,'Viorica','Muresan','Str. Campului, Nr. 40, Bloc I2 sc5, Etaj 4, Apt. 68, Cluj-Napoca',NULL,NULL,NULL,NULL,NULL,'',NULL,NULL,NULL,NULL,NULL,NULL),
 (1054,'Cornel','Ganea','Str. Baisoara, Nr. 11, Bloc sc3, Etaj 3, Apt. 35, Cluj-Napoca',NULL,'551767',NULL,NULL,NULL,'married',NULL,NULL,NULL,NULL,NULL,NULL),
 (1055,'Daniel','Catinas','Str. M-sal Ion Antonescu, Nr. 8, Bloc S1 sc9, Etaj 3, Apt. 315, Cluj-Napoca',NULL,'575368',NULL,NULL,NULL,'married',NULL,NULL,NULL,NULL,NULL,NULL),
 (1056,'Adriana Elvira','Verde','Str. Gheorghe Sincai, Nr. 16, Bloc -, Etaj -, Apt. 1, Cluj-Napoca',NULL,NULL,NULL,NULL,NULL,'married',NULL,NULL,NULL,NULL,NULL,NULL),
 (1057,'Daniel','Marcu','Str. Mehedinti, Nr. 61-63, Bloc C8 sc1, Etaj 2, Apt. 18, Cluj-Napoca',NULL,NULL,NULL,NULL,NULL,'married',NULL,NULL,NULL,NULL,NULL,NULL),
 (1058,'Ioan','Pascalau','Str. Balea, Nr. 6, Bloc G3 sc3, Etaj 3, Apt. 28, Cluj-Napoca',NULL,'570681',NULL,NULL,NULL,'married',NULL,NULL,NULL,NULL,NULL,NULL),
 (1059,'Liana','Criste','Str. Aleea Peana, Nr. 19, Bloc D16, Etaj 1 sc2, Apt. 18, Cluj-Napoca',NULL,'562065',NULL,NULL,NULL,'married',NULL,NULL,NULL,NULL,NULL,NULL),
 (1060,'Floarea','Ochis','Str. Hateg, Nr. 28, Bloc K2 sc1, Etaj 4, Apt. 18, Cluj-Napoca',NULL,'586372',NULL,NULL,NULL,'married',NULL,NULL,NULL,NULL,NULL,NULL),
 (1061,'Cornel Eugen','Alb','Str. Campului, Nr. 90, Bloc -, Etaj -, Apt. -, Cluj-Napoca',NULL,NULL,NULL,NULL,NULL,'',NULL,NULL,NULL,NULL,NULL,NULL),
 (1062,'Ioan','Szep','Str. Parang, Nr. 13, Bloc -, Etaj -, Apt. 52, Cluj-Napoca',NULL,NULL,NULL,NULL,NULL,'',NULL,NULL,NULL,NULL,NULL,NULL),
 (1063,'Alma Cristina','Lupas','Str. Calea Manastur, Nr. 78, Bloc E1 sc2, Etaj 7, Apt. 56, Cluj-Napoca',NULL,'572053',NULL,NULL,NULL,'married',NULL,NULL,NULL,NULL,NULL,NULL),
 (1064,'Maria','Oprescu','Str. Parang, Nr. 17, Bloc -, Etaj -, Apt. -, Cluj-Napoca',NULL,NULL,NULL,NULL,NULL,'',NULL,NULL,NULL,NULL,NULL,NULL),
 (1065,'Maria','Gordan','Str. Mehedinti, Nr. 88, Bloc S3 sc3, Etaj 1, Apt. 23, Cluj-Napoca',NULL,'422739',NULL,NULL,NULL,'married',NULL,NULL,NULL,NULL,NULL,NULL),
 (1066,'Rebeca','Ferghete','Str. Stephenson, Nr. 3, Bloc -, Etaj -, Apt. 61, Cluj-Napoca',NULL,NULL,NULL,NULL,NULL,'married',NULL,NULL,NULL,NULL,NULL,NULL),
 (1067,'Daniel','Fodorean','Str. Mogosoaia, Nr. 2, Bloc sc2, Etaj P, Apt. 12, Cluj-Napoca',NULL,'421334',NULL,NULL,NULL,'married',NULL,NULL,NULL,NULL,NULL,NULL),
 (1068,'Luminita Gabriela','Tamas','Str. Retezat, Nr. 1, Bloc R2 sc2, Etaj 2, Apt. 32, Cluj-Napoca',NULL,'575460',NULL,NULL,NULL,'married',NULL,NULL,NULL,NULL,NULL,NULL),
 (1069,'Lucretia','Daraban','Str. Calea Manastur, Nr. 105, Bloc G6 sc1, Etaj 2, Apt. 9, Cluj-Napoca',NULL,'426652',NULL,NULL,NULL,'',NULL,NULL,NULL,NULL,NULL,NULL),
 (1070,'Lenuta','Serban','Str. Moldoveanu, Nr. 13, Bloc R9 sc1, Etaj 2, Apt. 10, Cluj-Napoca',NULL,NULL,NULL,NULL,NULL,'married',NULL,NULL,NULL,NULL,NULL,NULL),
 (1071,'Alexandru','Otvos','Str. Vidraru, Nr. 17-19, Bloc C2 sc1, Etaj 1, Apt. 11, Cluj-Napoca',NULL,NULL,NULL,NULL,NULL,'widow(er)',NULL,NULL,NULL,NULL,NULL,NULL),
 (1072,'Lidia','Jucan','Str. Mehedinti, Nr. 70-72, Bloc D1 sc1, Etaj 6, Apt. 16, Cluj-Napoca',NULL,NULL,NULL,NULL,NULL,'',NULL,NULL,NULL,NULL,NULL,NULL),
 (1073,'Maria','Dandos','Str. Micus, Nr. 1, Bloc E12, Etaj 2 sc6, Apt. 112, Cluj-Napoca',NULL,'569826',NULL,NULL,NULL,'',NULL,NULL,NULL,NULL,NULL,NULL),
 (1074,'Nicolae Ovidiu','Mihet','Str. Izlazului, Nr. 4, Bloc A1 sc3, Etaj 2, Apt. 78, Cluj-Napoca',NULL,'574113',NULL,NULL,NULL,'married',NULL,NULL,NULL,NULL,NULL,NULL),
 (1075,'Magdalena','Mihet','Str. Izlazului, Nr. 4, Bloc A1 sc3, Etaj 2, Apt. 78, Cluj-Napoca',NULL,'574113',NULL,NULL,NULL,'married',NULL,NULL,NULL,NULL,NULL,NULL),
 (1076,'Gavril','Rusu','Str. Calea Floresti, Nr. 81, Bloc V5 sc4, Etaj 5, Apt. 104, Cluj-Napoca',NULL,'571474',NULL,NULL,NULL,'married',NULL,NULL,NULL,NULL,NULL,NULL),
 (1077,'Maria','Rusu','Str. Calea Floresti, Nr. 81, Bloc V5 sc4, Etaj 5, Apt. 104, Cluj-Napoca',NULL,'571474',NULL,NULL,NULL,'married',NULL,NULL,NULL,NULL,NULL,NULL),
 (1078,'Liana','Jovrea','Str. Arinilor, Nr. 21, Bloc B8, Etaj 3, Apt. 15, Cluj-Napoca',NULL,'426581',NULL,NULL,NULL,'widow(er)',NULL,NULL,NULL,NULL,NULL,NULL),
 (1079,'Sanda Marina','Kalanyos','Str. Mehedinti, Nr. 5, Bloc L1 sc4, Etaj 3, Apt. 75, Cluj-Napoca',NULL,NULL,NULL,NULL,NULL,'',NULL,NULL,NULL,NULL,NULL,NULL),
 (1080,'Maria','Kalo','Str. Moldoveanu, Nr. 9, Bloc R7 sc1, Etaj 1, Apt. 9, Cluj-Napoca',NULL,NULL,NULL,NULL,NULL,'married',NULL,NULL,NULL,NULL,NULL,NULL),
 (1081,'Beniamin Samoil','Nistor','Str. Retezat, Nr. 1, Bloc R2 sc2, Etaj 2, Apt. 32, Cluj-Napoca',NULL,NULL,NULL,NULL,NULL,'married',NULL,NULL,NULL,NULL,NULL,NULL),
 (1082,'Lacrimioara','Muresan','Str. Mehedinti, Nr. 13, Bloc O1 sc2, Etaj 4, Apt. 39, Cluj-Napoca',NULL,'425859',NULL,NULL,NULL,'married',NULL,NULL,NULL,NULL,NULL,NULL),
 (1083,'Gyongy','Murthy','Str. Dunarii, Nr. 55, Bloc S14, Etaj 6 sc1, Apt. 8, Cluj-Napoca',NULL,NULL,NULL,NULL,NULL,'',NULL,NULL,NULL,NULL,NULL,NULL),
 (1084,'Ana','Haran','Str. Ion Mester, Nr. 5, Bloc D sc3, Etaj 5, Apt. 63, Cluj-Napoca',NULL,'564173',NULL,NULL,NULL,'married',NULL,NULL,NULL,NULL,NULL,NULL),
 (1085,'Nastasia','Ciot','Str. Donath, Nr. 192, Bloc A4, Etaj 9, Apt. 37, Cluj-Napoca',NULL,'581994',NULL,NULL,NULL,'widow(er)',NULL,NULL,NULL,NULL,NULL,NULL),
 (1086,'Maria','Nierges','Str. Retezat, Nr. 6, Bloc N2 sc2, Etaj 3, Apt. 35, Cluj-Napoca',NULL,'452307',NULL,NULL,NULL,'divorced',NULL,NULL,NULL,NULL,NULL,NULL),
 (1087,'Ioan','Opris','Str. Alexandru Vlahuta, Nr. 26, Bloc R1 sc4, Etaj -, Apt. 44, Cluj-Napoca',NULL,'585635',NULL,NULL,NULL,'married',NULL,NULL,NULL,NULL,NULL,NULL),
 (1088,'Maria','Opris','Str. Alexandru Vlahuta, Nr. 26, Bloc R1 sc4, Etaj -, Apt. 44, Cluj-Napoca',NULL,'585635',NULL,NULL,NULL,'married',NULL,NULL,NULL,NULL,NULL,NULL),
 (1089,'Dorina','Goron','Str. Grigore Alexandrescu, Nr. 53, Bloc E6 sc2, Etaj 2, Apt. 30, Cluj-Napoca',NULL,'569701',NULL,NULL,NULL,'',NULL,NULL,NULL,NULL,NULL,NULL),
 (1090,'Tibi','Dani','Str. Lacramioarelor, Nr. 10, Bloc G2 sc1, Etaj P, Apt. 19, Cluj-Napoca',NULL,'0742713194',NULL,NULL,NULL,'married',NULL,NULL,NULL,NULL,NULL,NULL),
 (1091,'Daniela','Dani','Str. Lacramioarelor, Nr. 10, Bloc G2 sc1, Etaj P, Apt. 19, Cluj-Napoca',NULL,'0742713194',NULL,NULL,NULL,'married',NULL,NULL,NULL,NULL,NULL,NULL),
 (1092,'Csaba','Szabo','Str. Mehedinti, Nr. 10-12, Bloc D16, Etaj 7 sc1, Apt. 45, Cluj-Napoca',NULL,NULL,NULL,NULL,NULL,'married',NULL,NULL,NULL,NULL,NULL,NULL),
 (1093,'Cristina','Szabo','Str. Mehedinti, Nr. 10-12, Bloc D16, Etaj 7 sc1, Apt. 45, Cluj-Napoca',NULL,NULL,NULL,NULL,NULL,'married',NULL,NULL,NULL,NULL,NULL,NULL),
 (1094,'Gavrila','Persa','Str. Brates, Nr. 16, Bloc E2 sc1, Etaj 3, Apt. 8, Cluj-Napoca',NULL,'573837',NULL,NULL,NULL,'married',NULL,NULL,NULL,NULL,NULL,NULL),
 (1095,'Marioara','Pop','Str. Grigore Alexandrescu, Nr. 32, Bloc sc1, Etaj 2, Apt. 11, Cluj-Napoca',NULL,NULL,NULL,NULL,NULL,'',NULL,NULL,NULL,NULL,NULL,NULL),
 (1096,'Marioara','Pop','Str. M-sal Ion Antonescu, Nr. 8, Bloc S1 sc9, Etaj 3, Apt. 315, Cluj-Napoca',NULL,'575368',NULL,NULL,NULL,'married',NULL,NULL,NULL,NULL,NULL,NULL),
 (1097,'Daniel','Nan','Str. Gelu Voievod, Nr. 6G, Bloc -, Etaj -, Apt. -, Borhanci',NULL,'550750',NULL,NULL,NULL,'married',NULL,NULL,NULL,NULL,NULL,NULL),
 (1098,'Alexandria','Chintoan','Str. Grigore Alexandrescu, Nr. 23, Bloc E10, Etaj sc2, Apt. 40, Cluj-Napoca',NULL,'569982',NULL,NULL,NULL,'married',NULL,NULL,NULL,NULL,NULL,NULL),
 (1099,'Ioan','Santamarian','Str. Rasinari, Nr. 3, Bloc -, Etaj -, Apt. 30, Cluj-Napoca',NULL,'542863',NULL,NULL,NULL,'married',NULL,NULL,NULL,NULL,NULL,NULL),
 (1100,'Valentina','Segorean','Str. M-sal Ion Antonescu, Nr. 6, Bloc S2 sc1, Etaj 7, Apt. 28, Cluj-Napoca',NULL,NULL,NULL,NULL,NULL,'',NULL,NULL,NULL,NULL,NULL,NULL),
 (1101,'Emanuela Estera','Silaghi','Str. Calea Floresti, Nr. 2B, Bloc A1, Etaj 3, Apt. 11, Cluj-Napoca',NULL,'427162',NULL,NULL,NULL,'',NULL,NULL,NULL,NULL,NULL,NULL),
 (1102,'Ana Maria','Kozsan','Str. Arinilor, Nr. 15, Bloc B5 sc1, Etaj 7, Apt. 31, Cluj-Napoca',NULL,NULL,NULL,NULL,NULL,'',NULL,NULL,NULL,NULL,NULL,NULL),
 (1103,'Elvis Cornel','Lenghel','Str. Bucegi, Nr. 11, Bloc A1 sc1, Etaj 7, Apt. 123, Cluj-Napoca',NULL,NULL,NULL,NULL,NULL,'',NULL,NULL,NULL,NULL,NULL,NULL),
 (1104,'Maria','Dan','Str. Motilor, Nr. 64, Bloc -, Etaj -, Apt. 12, Cluj-Napoca',NULL,'598891',NULL,NULL,NULL,'married',NULL,NULL,NULL,NULL,NULL,NULL),
 (1105,'Dolfina','Dandos','Str. Aleea Peana, Nr. 19, Bloc -, Etaj -, Apt. 33, Cluj-Napoca',NULL,'571965',NULL,NULL,NULL,'married',NULL,NULL,NULL,NULL,NULL,NULL),
 (1106,'Ramona Felicia','Losonti Pop','Str. Frunzisului, Nr. 29, Bloc -, Etaj -, Apt. -, Cluj-Napoca',NULL,'458628',NULL,NULL,NULL,'married',NULL,NULL,NULL,NULL,NULL,NULL),
 (1107,'Ioan Sorin','Pop','Str. Aleea Cioplea, Nr. 11, Bloc S10, Etaj 2 sc1, Apt. 8, Cluj-Napoca',NULL,'480849',NULL,NULL,NULL,'married',NULL,NULL,NULL,NULL,NULL,NULL),
 (1108,'Ana Doina','Muresan','Str. Parang, Nr. 27, Bloc H8, Etaj -, Apt. 3, Cluj-Napoca',NULL,'568805',NULL,NULL,NULL,'',NULL,NULL,NULL,NULL,NULL,NULL),
 (1109,'Veronica','Veres','Str. Brates, Nr. 16, Bloc E2 sc1, Etaj P, Apt. 2, Cluj-Napoca',NULL,NULL,NULL,NULL,NULL,'married',NULL,NULL,NULL,NULL,NULL,NULL),
 (1110,'Maria','Cutitaru','Str. Vidraru, Nr. 17-19, Bloc C2 sc1, Etaj P, Apt. 2, Cluj-Napoca',NULL,NULL,NULL,NULL,NULL,'widow(er)',NULL,NULL,NULL,NULL,NULL,NULL),
 (1111,'Ana','Neaga','Str. M-sal Ion Antonescu, Nr. 6, Bloc S2 sc1, Etaj 2, Apt. 8, Cluj-Napoca',NULL,NULL,NULL,NULL,NULL,'married',NULL,NULL,NULL,NULL,NULL,NULL),
 (1112,'Angela','Gogosanu','Str. Bucegi, Nr. 11, Bloc A1 sc1, Etaj 1, Apt. 24, Cluj-Napoca',NULL,'423896',NULL,NULL,NULL,'remarried',NULL,NULL,NULL,NULL,NULL,NULL),
 (1113,'Ana Rodica','Maja','Str. Islazului, Nr. 8, Bloc -, Etaj -, Apt. 90, Cluj-Napoca',NULL,'562953',NULL,NULL,NULL,'married',NULL,NULL,NULL,NULL,NULL,NULL),
 (1114,'Victoria','Tartamus','Str. Mehedinti, Nr. 50-52, Bloc D6 sc1, Etaj 3, Apt. 22, Cluj-Napoca',NULL,'564213',NULL,NULL,NULL,'married',NULL,NULL,NULL,NULL,NULL,NULL),
 (1115,'Liviu','Bonda','Str. Almasului, Nr. 4, Bloc M1 sc2, Etaj 2, Apt. 31, Cluj-Napoca',NULL,'427712',NULL,NULL,NULL,'married',NULL,NULL,NULL,NULL,NULL,NULL),
 (1116,'Florica','Bonda','Str. Almasului, Nr. 4, Bloc M1 sc2, Etaj 2, Apt. 31, Cluj-Napoca',NULL,'427712',NULL,NULL,NULL,'married',NULL,NULL,NULL,NULL,NULL,NULL),
 (1117,'Avram','Chiorean','Str. Islazului, Nr. 2, Bloc O3 sc1, Etaj 5, Apt. 16, Cluj-Napoca',NULL,'578061',NULL,NULL,NULL,'married',NULL,NULL,NULL,NULL,NULL,NULL),
 (1118,'Cornel','Balea','Str. Mehedinti, Nr. 55-57, Bloc C9 scA, Etaj 9, Apt. 55, Cluj-Napoca',NULL,'567650',NULL,NULL,NULL,'married',NULL,NULL,NULL,NULL,NULL,NULL),
 (1119,'Maria','Toader','Str. Mehedinti, Nr. 86, Bloc S4 sc2, Etaj -, Apt. 14, Cluj-Napoca',NULL,'422673',NULL,NULL,NULL,'married',NULL,NULL,NULL,NULL,NULL,NULL),
 (1120,'Lidia','Moldovan','Str. Tatra, Nr. 8, Bloc U5, Etaj P, Apt. 1, Cluj-Napoca',NULL,'526817',NULL,NULL,NULL,'married',NULL,NULL,NULL,NULL,NULL,NULL),
 (1121,'Ioan','Cimpean','Str. Ion Mester, Nr. 2, Bloc I1 sc2, Etaj P, Apt. 11, Cluj-Napoca',NULL,'591731',NULL,NULL,NULL,'married',NULL,NULL,NULL,NULL,NULL,NULL),
 (1122,'Ioan','Saulean','Str. Ion Mester, Nr. 6, Bloc J sc1, Etaj 6, Apt. 26, Cluj-Napoca',NULL,'579283',NULL,NULL,NULL,'married',NULL,NULL,NULL,NULL,NULL,NULL),
 (1123,'Maria','Caprar','Str. Aleea Rucar, Nr. 7, Bloc D13, Etaj sc2, Apt. 11, Cluj-Napoca',NULL,NULL,NULL,NULL,NULL,'widow(er)',NULL,NULL,NULL,NULL,NULL,NULL),
 (1124,'Nicolaie','Sava','Str. Mehedinti, Nr. 22-24, Bloc D13, Etaj 8 sc1, Apt. 36, Cluj-Napoca',NULL,'425163',NULL,NULL,NULL,'married',NULL,NULL,NULL,NULL,NULL,NULL),
 (1125,'Sefora','Bidian','Str. Pasteur, Nr. 81, Bloc -, Etaj -, Apt. 31, Cluj-Napoca',NULL,'526886',NULL,NULL,NULL,'married',NULL,NULL,NULL,NULL,NULL,NULL),
 (1126,'Constantin','Dolean','Str. Tasnad, Nr. 7, Bloc P4 sc1, Etaj 2, Apt. 7, Cluj-Napoca',NULL,'426295',NULL,NULL,NULL,'married',NULL,NULL,NULL,NULL,NULL,NULL),
 (1127,'Elena','Alb','Str. Campului, Nr. 90, Bloc -, Etaj -, Apt. -, Cluj-Napoca',NULL,NULL,NULL,NULL,NULL,'widow(er)',NULL,NULL,NULL,NULL,NULL,NULL),
 (1128,'Constantin','Gaciu','Str. Campului, Nr. 42, Bloc -, Etaj -, Apt. 39, Cluj-Napoca',NULL,NULL,NULL,NULL,NULL,'married',NULL,NULL,NULL,NULL,NULL,NULL),
 (1129,'Dodu','Kalo','Str. Moldoveanu, Nr. 9, Bloc R7 sc1, Etaj 1, Apt. 9, Cluj-Napoca',NULL,NULL,NULL,NULL,NULL,'married',NULL,NULL,NULL,NULL,NULL,NULL),
 (1130,'Victoria','Pasca','Str. Ion Mester, Nr. 10, Bloc L\' sc2, Etaj 1, Apt. 36, Cluj-Napoca',NULL,'579053',NULL,NULL,NULL,'married',NULL,NULL,NULL,NULL,NULL,NULL),
 (1131,'Cristina','Chiorean','Str. Mehedinti, Nr. 14-16, Bloc D13, Etaj 5 sc1, Apt. 33, Cluj-Napoca',NULL,'571041',NULL,NULL,NULL,'married',NULL,NULL,NULL,NULL,NULL,NULL),
 (1132,'Pavel','Chiorean','Str. Funzisului, Nr. 29, Bloc -, Etaj -, Apt. -, Cluj-Napoca',NULL,NULL,NULL,NULL,NULL,'married',NULL,NULL,NULL,NULL,NULL,NULL),
 (1133,'Raveca','Suciu','Str. Aleea Gurghiu, Nr. 1, Bloc O4 sc3, Etaj 4, Apt. 57, Cluj-Napoca',NULL,'567674',NULL,NULL,NULL,'widow(er)',NULL,NULL,NULL,NULL,NULL,NULL),
 (1134,'Teodor','Trif','Str. Grigore Alexandrescu, Nr. 32, Bloc G2 sc1, Etaj 3, Apt. 15, Cluj-Napoca',NULL,'575124',NULL,NULL,NULL,'married',NULL,NULL,NULL,NULL,NULL,NULL),
 (1135,'Paraschiva','Trif','Str. Grigore Alexandrescu, Nr. 32, Bloc G2 sc1, Etaj 3, Apt. 15, Cluj-Napoca',NULL,'575124',NULL,NULL,NULL,'married',NULL,NULL,NULL,NULL,NULL,NULL),
 (1136,'Lidia','Cimpean','Str. Ion Mester, Nr. 2, Bloc I1 sc2, Etaj P, Apt. 11, Cluj-Napoca',NULL,'591731',NULL,NULL,NULL,'married',NULL,NULL,NULL,NULL,NULL,NULL),
 (1137,'Maria','Cozma','Str. Ion Mester, Nr. 5, Bloc D sc3, Etaj 5, Apt. 61, Cluj-Napoca',NULL,'579102',NULL,NULL,NULL,'',NULL,NULL,NULL,NULL,NULL,NULL),
 (1138,'Maria','Vonica','Str. Brates, Nr. 16, Bloc E2 sc4, Etaj 2, Apt. 45, Cluj-Napoca',NULL,'452749',NULL,NULL,NULL,'widow(er)',NULL,NULL,NULL,NULL,NULL,NULL),
 (1139,'Liviu','Costea','Str. Aleea Cioplea, Nr. 17, Bloc S14, Etaj -, Apt. 2, Cluj-Napoca',NULL,'575755',NULL,NULL,NULL,'married',NULL,NULL,NULL,NULL,NULL,NULL),
 (1140,'Gheorghe','Bucse','Str. Izlazului, Nr. 1, Bloc O6 sc1, Etaj 4, Apt. 9, Cluj-Napoca',NULL,'422172',NULL,NULL,NULL,'married',NULL,NULL,NULL,NULL,NULL,NULL),
 (1141,'Ana','Boros','Str. Aleea Vidraru, Nr. 17-19, Bloc C2 sc1, Etaj 7, Apt. 48, Cluj-Napoca',NULL,'575673',NULL,NULL,NULL,'married',NULL,NULL,NULL,NULL,NULL,NULL),
 (1142,'Ioan','Covaci','Str. Aleea Tineretulu, Nr. 5, Bloc -, Etaj -, Apt. 10, Cluj-Napoca',NULL,NULL,NULL,NULL,NULL,'',NULL,NULL,NULL,NULL,NULL,NULL),
 (1143,'Ana','Budusan','Str. Calea Floresti, Nr. 81, Bloc V5 sc6, Etaj 6, Apt. 158, Cluj-Napoca',NULL,'578507',NULL,NULL,NULL,'married',NULL,NULL,NULL,NULL,NULL,NULL),
 (1144,'Daniel Ioan','Boca','Str. Fantanele, Nr. 5, Bloc R sc1, Etaj -, Apt. 3, Cluj-Napoca',NULL,'585796',NULL,NULL,NULL,'married',NULL,NULL,NULL,NULL,NULL,NULL);
INSERT intO person (id_person,First_Name,Last_Name,Address,CNP,Phone,Email,Workplace,Marriage_Date,Marital_Status,Spouse_Religion,Studies,Image,Company,Job,Birth_Date) VALUES 
 (1145,'Leontina','Plesa','Str. Mogosoaia, Nr. 7, Bloc L1 sc5, Etaj 3, Apt. 47, Cluj-Napoca',NULL,NULL,NULL,NULL,NULL,'married',NULL,NULL,NULL,NULL,NULL,NULL),
 (1146,'Letitia','Tamas','Str. Donath, Nr. VII, Bloc H1 scC, Etaj 3, Apt. 42, Cluj-Napoca',NULL,'585552',NULL,NULL,NULL,'divorced',NULL,NULL,NULL,NULL,NULL,NULL),
 (1147,'Tomita','Bidian','Str. Pasteur, Nr. 81, Bloc -, Etaj -, Apt. 31, Cluj-Napoca',NULL,'526886',NULL,NULL,NULL,'married',NULL,NULL,NULL,NULL,NULL,NULL),
 (1148,'Stefan','Vig','Str. Clabucet, Nr. 2A, Bloc PX4, Etaj 9 sc1, Apt. 60, Cluj-Napoca',NULL,NULL,NULL,NULL,NULL,'',NULL,NULL,NULL,NULL,NULL,NULL),
 (1149,'Marinela','Marcu','Str. Mehedinti, Nr. 61-63, Bloc C8 sc1, Etaj 2, Apt. 18, Cluj-Napoca',NULL,NULL,NULL,NULL,NULL,'married',NULL,NULL,NULL,NULL,NULL,NULL),
 (1150,'Susana','Ielciu','Str. Mehedinti, Nr. 65-67, Bloc C7, Etaj 8, Apt. 115, Cluj-Napoca',NULL,NULL,NULL,NULL,NULL,'',NULL,NULL,NULL,NULL,NULL,NULL),
 (1151,'Ana','Cozma','Str. Bucegi, Nr. 11, Bloc E9, Etaj -, Apt. 156, Cluj-Napoca',NULL,NULL,NULL,NULL,NULL,'',NULL,NULL,NULL,NULL,NULL,NULL),
 (1152,'Maria','Marincas','Str. Grigore Alexandrescu, Nr. 30, Bloc A3 sc1, Etaj 8, Apt. 36, Cluj-Napoca',NULL,NULL,NULL,NULL,NULL,'',NULL,NULL,NULL,NULL,NULL,NULL),
 (1153,'Aurel','Balea','Str. Calea Floresti, Nr. 81, Bloc V5 sc1, Etaj 6, Apt. 21, Cluj-Napoca',NULL,'571468',NULL,NULL,NULL,'married',NULL,NULL,NULL,NULL,NULL,NULL),
 (1154,'Elena','Bretea','Str. Plopilor, Nr. 77, Bloc P15, Etaj 3 sc4, Apt. 43, Cluj-Napoca',NULL,'420174',NULL,NULL,NULL,'married',NULL,NULL,NULL,NULL,NULL,NULL),
 (1155,'Ana','Lingurar','Str. Bucegi, Nr. 11, Bloc A sc1, Etaj P, Apt. 3, Cluj-Napoca',NULL,NULL,NULL,NULL,NULL,'widow(er)',NULL,NULL,NULL,NULL,NULL,NULL),
 (1156,'Maria','Kis','Str. Brates, Nr. 16, Bloc E2 sc3, Etaj 4, Apt. 37, Cluj-Napoca',NULL,NULL,NULL,NULL,NULL,'',NULL,NULL,NULL,NULL,NULL,NULL),
 (1157,'Dan Octavian','Rad','Str. Busuiocului, Nr. 12, Bloc -, Etaj -, Apt. -, Cluj-Napoca',NULL,'0745590067',NULL,NULL,NULL,'married',NULL,NULL,NULL,NULL,NULL,NULL),
 (1158,'Ioana Estera','Rad','Str. Busuiocului, Nr. 12, Bloc -, Etaj -, Apt. -, Cluj-Napoca',NULL,'439949',NULL,NULL,NULL,'married',NULL,NULL,NULL,NULL,NULL,NULL),
 (1159,'Anastasia','Zetea','Str. Ion Mester, Nr. 1, Bloc O1, Etaj -, Apt. 26, Cluj-Napoca',NULL,NULL,NULL,NULL,NULL,'',NULL,NULL,NULL,NULL,NULL,NULL),
 (1160,'Vasile','Balarau','Str. Bucegi, Nr. 5, Bloc A3 sc1, Etaj 8, Apt. 45, Cluj-Napoca',NULL,'578073',NULL,NULL,NULL,'married',NULL,NULL,NULL,NULL,NULL,NULL),
 (1161,'Doina Ana','Balarau','Str. Bucegi, Nr. 5, Bloc A3 sc1, Etaj 8, Apt. 45, Cluj-Napoca',NULL,'578073',NULL,NULL,NULL,'married',NULL,NULL,NULL,NULL,NULL,NULL),
 (1162,'Ligia Sanda','Capalna','Str. Campului, Nr. 42, Bloc -, Etaj -, Apt. 68, Cluj-Napoca',NULL,NULL,NULL,NULL,NULL,'married',NULL,NULL,NULL,NULL,NULL,NULL),
 (1163,'Vasile','Cioban','Str. Grapei, Nr. 17, Bloc -, Etaj -, Apt. -, Cluj-Napoca',NULL,NULL,NULL,NULL,NULL,'',NULL,NULL,NULL,NULL,NULL,NULL),
 (1164,'Raluca Nicoleta','Cuibus','Str. Mehedinti, Nr. 18-20, Bloc D14, Etaj 1 sc2, Apt. 49, Cluj-Napoca',NULL,'575891',NULL,NULL,NULL,'',NULL,NULL,NULL,NULL,NULL,NULL),
 (1165,'Radu Gheorghe','Crisan','Str. Calea Manastur, Nr. 107, Bloc -, Etaj -, Apt. 41, Cluj-Napoca',NULL,'0741107151',NULL,NULL,NULL,'married',NULL,NULL,NULL,NULL,NULL,NULL),
 (1166,'Floarea','Crisan','Str. Fetesti, Nr. 11A, Bloc -, Etaj -, Apt. -, Cluj-Napoca',NULL,NULL,NULL,NULL,NULL,'married',NULL,NULL,NULL,NULL,NULL,NULL),
 (1167,'Maria','Creta','Str. Th Pallady, Nr. 4G, Bloc -, Etaj -, Apt. -, Borhanci',NULL,'550898',NULL,NULL,NULL,'',NULL,NULL,NULL,NULL,NULL,NULL),
 (1168,'Viorica','Ehrenwerth','Str. Brates, Nr. 2, Bloc MN2, Etaj 3 sc3, Apt. 33, Cluj-Napoca',NULL,NULL,NULL,NULL,NULL,'widow(er)',NULL,NULL,NULL,NULL,NULL,NULL),
 (1169,'Lucia','Fetche','Str. M-sal Ion Antonescu, Nr. 4, Bloc S3 sc3, Etaj -, Apt. 65, Cluj-Napoca',NULL,NULL,NULL,NULL,NULL,'married',NULL,NULL,NULL,NULL,NULL,NULL),
 (1170,'Vasile','Goron','Str. Grigore Alexandrescu, Nr. 53, Bloc E6 sc2, Etaj 2, Apt. 30, Cluj-Napoca',NULL,'569701',NULL,NULL,NULL,'married',NULL,NULL,NULL,NULL,NULL,NULL),
 (1171,'Viorica','Jurja','Str. Islazului, Nr. 8, Bloc A2 sc1, Etaj 3, Apt. 15, Cluj-Napoca',NULL,'564635',NULL,NULL,NULL,'married',NULL,NULL,NULL,NULL,NULL,NULL),
 (1172,'Vasile','Mare','Str. Mehedinti, Nr. 31, Bloc E4 sc1, Etaj 3, Apt. 8, Cluj-Napoca',NULL,'459964',NULL,NULL,NULL,'married',NULL,NULL,NULL,NULL,NULL,NULL),
 (1173,'Sorina Dorina','Mocan','Str. Calea Floresti, Nr. 1, Bloc T1 sc3, Etaj 9, Apt. 102, Cluj-Napoca',NULL,'0744697752',NULL,NULL,NULL,'married',NULL,NULL,NULL,NULL,NULL,NULL),
 (1174,'Beniamin','Mic','Str. Tasnad, Nr. 24, Bloc Z1 sc1, Etaj 2, Apt. 9, Cluj-Napoca',NULL,NULL,NULL,NULL,NULL,'',NULL,NULL,NULL,NULL,NULL,NULL),
 (1175,'Marius David','Nan','Str. Aleea Cioplea, Nr. 10, Bloc S12, Etaj 3 sc2, Apt. 21, Cluj-Napoca',NULL,'423836',NULL,NULL,NULL,'',NULL,NULL,NULL,NULL,NULL,NULL),
 (1176,'Cristina Hortenzia','Crisan','Str. Calea Manastur, Nr. 107, Bloc -, Etaj -, Apt. 41, Cluj-Napoca',NULL,'426694',NULL,NULL,NULL,'married',NULL,NULL,NULL,NULL,NULL,NULL),
 (1177,'Mariana','Cisan','Str. Aleea Peana, Nr. 11, Bloc R13, Etaj 3 sc1, Apt. 13, Cluj-Napoca',NULL,'569178',NULL,NULL,NULL,'married',NULL,NULL,NULL,NULL,NULL,NULL),
 (1178,'Mariana','Mare','Str. Mehedinti, Nr. 31, Bloc E4 sc1, Etaj 3, Apt. 8, Cluj-Napoca',NULL,'459964',NULL,NULL,NULL,'married',NULL,NULL,NULL,NULL,NULL,NULL),
 (1179,'Ana Maria','Pop','Str. Vrancea, Nr. 17, Bloc -, Etaj -, Apt. -, Cluj-Napoca',NULL,NULL,NULL,NULL,NULL,'',NULL,NULL,NULL,NULL,NULL,NULL),
 (1180,'Romana Sanda','Catinas','Str. M-sal Ion Antonescu, Nr. 8, Bloc S1 sc9, Etaj 3, Apt. 315, Cluj-Napoca',NULL,'575368',NULL,NULL,NULL,'married',NULL,NULL,NULL,NULL,NULL,NULL),
 (1181,'Cornelia Tabita','Rafai','Str. Calea Manastur, Nr. 70, Bloc E5 sc2, Etaj 8, Apt. 61, Cluj-Napoca',NULL,'425390',NULL,NULL,NULL,'',NULL,NULL,NULL,NULL,NULL,NULL),
 (1182,'Adrian','Rus','Str. Mehedinti, Nr. 70-72, Bloc D1 sc1, Etaj 1, Apt. 7, Cluj-Napoca',NULL,NULL,NULL,NULL,NULL,'',NULL,NULL,NULL,NULL,NULL,NULL),
 (1183,'Stefana Rebeca','Sana','Str. Mehedinti, Nr. 88, Bloc S3 sc1, Etaj 1, Apt. 3, Cluj-Napoca',NULL,'422730',NULL,NULL,NULL,'',NULL,NULL,NULL,NULL,NULL,NULL),
 (1184,'Daniela Angela','Pop','Str. Retezat, Nr. 1, Bloc R2 sc4, Etaj 2, Apt. 70, Cluj-Napoca',NULL,NULL,NULL,NULL,NULL,'',NULL,NULL,NULL,NULL,NULL,NULL),
 (1185,'Victoria','Popovici','Str. Tasnad, Nr. 18, Bloc P11, Etaj sc3, Apt. 33, Cluj-Napoca',NULL,NULL,NULL,NULL,NULL,'widow(er)',NULL,NULL,NULL,NULL,NULL,NULL),
 (1186,'Vasile','Fechete','Str. Parang, Nr. 16, Bloc K2, Etaj -, Apt. 4, Cluj-Napoca',NULL,NULL,NULL,NULL,NULL,'married',NULL,NULL,NULL,NULL,NULL,NULL),
 (1187,'Lenuta','Fechete','Str. Parang, Nr. 16, Bloc K2, Etaj -, Apt. 4, Cluj-Napoca',NULL,NULL,NULL,NULL,NULL,'married',NULL,NULL,NULL,NULL,NULL,NULL),
 (1188,'Irina','Aschilean','Str. Agricultorilor, Nr. 3, Bloc D32, Etaj 1 sc5, Apt. 43, Cluj-Napoca',NULL,'569922',NULL,NULL,NULL,'married',NULL,NULL,NULL,NULL,NULL,NULL),
 (1189,'Mihaela Crina','Bilc','Str. Almasului, Nr. 5, Bloc S sc4, Etaj 4, Apt. 40, Cluj-Napoca',NULL,'571587',NULL,NULL,NULL,'',NULL,NULL,NULL,NULL,NULL,NULL),
 (1190,'Nicolae','Chiorean','Str. M-sal Ion Antonescu, Nr. 6, Bloc S2 sc2, Etaj 1, Apt. 38, Cluj-Napoca',NULL,NULL,NULL,NULL,NULL,'',NULL,NULL,NULL,NULL,NULL,NULL),
 (1191,'Persida','Dascal','Str. Grigore Alexandrescu, Nr. 32, Bloc G2 sc1, Etaj 3, Apt. 16, Cluj-Napoca',NULL,NULL,NULL,NULL,NULL,'',NULL,NULL,NULL,NULL,NULL,NULL),
 (1192,'Silica','Goron','Str. Aleea Cioplea, Nr. 1, Bloc S6 sc1, Etaj 3, Apt. 15, Cluj-Napoca',NULL,NULL,NULL,NULL,NULL,'married',NULL,NULL,NULL,NULL,NULL,NULL),
 (1193,'Ana','Goron','Str. Aleea Cioplea, Nr. 1, Bloc S6 sc1, Etaj 3, Apt. 15, Cluj-Napoca',NULL,NULL,NULL,NULL,NULL,'married',NULL,NULL,NULL,NULL,NULL,NULL),
 (1194,'Adrian Laurentiu','Mester','Str. Mehedinti, Nr. 70-72, Bloc D1 sc1, Etaj P, Apt. 2, Cluj-Napoca',NULL,'459234',NULL,NULL,NULL,'married',NULL,NULL,NULL,NULL,NULL,NULL),
 (1195,'Daniel Cornel','Mester','Str. Mehedinti, Nr. 70-72, Bloc D1 sc1, Etaj P, Apt. 2, Cluj-Napoca',NULL,'459234',NULL,NULL,NULL,'married',NULL,NULL,NULL,NULL,NULL,NULL),
 (1196,'Cristian','Macease','Str. Mehedinti, Nr. 14-16, Bloc D15, Etaj sc1, Apt. 2, Cluj-Napoca',NULL,'563435',NULL,NULL,NULL,'',NULL,NULL,NULL,NULL,NULL,NULL),
 (1197,'Rodica','Hategan','Str. Moldoveanu, Nr. 14, Bloc R10, Etaj sc1, Apt. 6, Cluj-Napoca',NULL,NULL,NULL,NULL,NULL,'married',NULL,NULL,NULL,NULL,NULL,NULL),
 (1198,'Elena Lenuta','Serban','Str. Piata Leibkneigt, Nr. 7-8, Bloc A sc 1, Etaj 2, Apt. 6, Cluj-Napoca',NULL,'531017',NULL,NULL,NULL,'married',NULL,NULL,NULL,NULL,NULL,NULL),
 (1199,'Lidia','Iurian','Str. Parang, Nr. 14, Bloc J1 sc3, Etaj 1, Apt. 46, Cluj-Napoca',NULL,'573190',NULL,NULL,NULL,'married',NULL,NULL,NULL,NULL,NULL,NULL),
 (1200,'Remus Ioan','Oros Gaciu','Str. Mehedinti, Nr. 7, Bloc R2 sc2, Etaj 4, Apt. 40, Cluj-Napoca',NULL,'0744259009',NULL,NULL,NULL,'married',NULL,NULL,NULL,NULL,NULL,NULL),
 (1201,'Danut','Prunean','Str. Aleea Vidraru, Nr. 5-7, Bloc -, Etaj -, Apt. 21, Cluj-Napoca',NULL,NULL,NULL,NULL,NULL,'',NULL,NULL,NULL,NULL,NULL,NULL),
 (1202,'Maria','Gaciu','Str. Negoiu, Nr. 6, Bloc G13, Etaj sc3, Apt. 22, Cluj-Napoca',NULL,'459114',NULL,NULL,NULL,'married',NULL,NULL,NULL,NULL,NULL,NULL),
 (1203,'Valeria','Pop','Str. M-sal Ion Antonescu, Nr. 2, Bloc S4 sc8, Etaj 3, Apt. 300, Cluj-Napoca',NULL,'574337',NULL,NULL,NULL,'married',NULL,NULL,NULL,NULL,NULL,NULL),
 (1204,'Veronica','Bodea','Str. Izlazului, Nr. 8, Bloc A2 sc1, Etaj 7, Apt. 30, Cluj-Napoca',NULL,NULL,NULL,NULL,NULL,'',NULL,NULL,NULL,NULL,NULL,NULL),
 (1205,'Cornelia','Vaida','Str. Sibiului, Nr. 7, Bloc -, Etaj -, Apt. -, Cluj-Napoca',NULL,NULL,NULL,NULL,NULL,'married',NULL,NULL,NULL,NULL,NULL,NULL),
 (1206,'Vladimir Vlaicu','Vaida','Str. Sibiului, Nr. 7, Bloc -, Etaj -, Apt. -, Cluj-Napoca',NULL,'0742878269',NULL,NULL,NULL,'married',NULL,NULL,NULL,NULL,NULL,NULL),
 (1207,'Adriana','Cristea','Str. Dunarii, Nr. 28, Bloc sc1, Etaj 1, Apt. 4, Cluj-Napoca',NULL,'553282',NULL,NULL,NULL,'married',NULL,NULL,NULL,NULL,NULL,NULL),
 (1208,'Amadeea Adriana','Mester','Str. Mehedinti, Nr. 70-72, Bloc D1 sc1, Etaj P, Apt. 2, Cluj-Napoca',NULL,'0720545288',NULL,NULL,NULL,'married',NULL,NULL,NULL,NULL,NULL,NULL),
 (1209,'Maria','Saracut','Str. Calea Manastur, Nr. 95, Bloc -, Etaj -, Apt. 25, Cluj-Napoca',NULL,NULL,NULL,NULL,NULL,'',NULL,NULL,NULL,NULL,NULL,NULL),
 (1210,'Victoria','Cimpean','Str. Mehedinti, Nr. 65, Bloc 57 sc2, Etaj -, Apt. 90, Cluj-Napoca',NULL,NULL,NULL,NULL,NULL,'',NULL,NULL,NULL,NULL,NULL,NULL),
 (1211,'Ioana','Opris','Str. Alexandru Vlahuta, Nr. 26, Bloc R1 sc4, Etaj 1, Apt. 44, Cluj-Napoca',NULL,'585635',NULL,NULL,NULL,'',NULL,NULL,NULL,NULL,NULL,NULL),
 (1212,'Raveca','Tarta','Str. Izlazului, Nr. 14, Bloc B1 sc1, Etaj 5, Apt. 18, Cluj-Napoca',NULL,'573022',NULL,NULL,NULL,'',NULL,NULL,NULL,NULL,NULL,NULL),
 (1213,'Rares','Bazdara','Str. Izlazului, Nr. 18, Bloc C sc4, Etaj 8, Apt. 127, Cluj-Napoca',NULL,'421927',NULL,NULL,NULL,'',NULL,NULL,NULL,NULL,NULL,NULL),
 (1214,'Iacob Gabriel','Jucan','Str. Mehedinti, Nr. 70-72, Bloc D1 sc1, Etaj 6, Apt. 16, Cluj-Napoca',NULL,NULL,NULL,NULL,NULL,'',NULL,NULL,NULL,NULL,NULL,NULL),
 (1215,'Adina Simona','Daraban','Str. Calea Floresti, Nr. 1, Bloc T1 sc4, Etaj -, Apt. 126, Cluj-Napoca',NULL,'579332',NULL,NULL,NULL,'married',NULL,NULL,NULL,NULL,NULL,NULL),
 (1216,'Ramona','Budusan','Str. Calea Floresti, Nr. 81, Bloc V5 sc6, Etaj 6, Apt. 158, Cluj-Napoca',NULL,NULL,NULL,NULL,NULL,'',NULL,NULL,NULL,NULL,NULL,NULL),
 (1217,'Samuel','Pintican','Str. George Copos, Nr. 154, Bloc -, Etaj -, Apt. -, Cluj-Napoca',NULL,'435154',NULL,NULL,NULL,'married',NULL,NULL,NULL,NULL,NULL,NULL),
 (1218,'Ileana','Pintican','Str. George Copos, Nr. 154, Bloc -, Etaj -, Apt. -, Cluj-Napoca',NULL,'537561',NULL,NULL,NULL,'married',NULL,NULL,NULL,NULL,NULL,NULL),
 (1219,'Rozalia','Vadean','Str. Ciucas, Nr. 9, Bloc R1 sc1, Etaj -, Apt. 14, Cluj-Napoca',NULL,'568501',NULL,NULL,NULL,'',NULL,NULL,NULL,NULL,NULL,NULL),
 (1220,'Silviu','Hoza','Str. Mehedinti, Nr. 34-36, Bloc D1, Etaj sc1, Apt. 2, Cluj-Napoca',NULL,NULL,NULL,NULL,NULL,'married',NULL,NULL,NULL,NULL,NULL,NULL),
 (1221,'Florina Rodica','Hoza','Str. Mehedinti, Nr. 34-36, Bloc D1, Etaj sc1, Apt. 2, Cluj-Napoca',NULL,NULL,NULL,NULL,NULL,'married',NULL,NULL,NULL,NULL,NULL,NULL),
 (1222,'Grigore','Resteu','Str. Negoiu, Nr. 4, Bloc G14, Etaj sc3, Apt. 25, Cluj-Napoca',NULL,'459105',NULL,NULL,NULL,'married',NULL,NULL,NULL,NULL,NULL,NULL),
 (1223,'Ramona Alexandrina','Resteu','Str. Negoiu, Nr. 4, Bloc G14, Etaj sc3, Apt. 25, Cluj-Napoca',NULL,'570667',NULL,NULL,NULL,'married',NULL,NULL,NULL,NULL,NULL,NULL),
 (1224,'Claudiu Ioan','Nistor','Str. Cosminului, Nr. 85A, Bloc -, Etaj -, Apt. -, Cluj-Napoca',NULL,NULL,NULL,NULL,NULL,'',NULL,NULL,NULL,NULL,NULL,NULL),
 (1225,'Marinel Dorin','Mocan','Str. Calea FLoresti, Nr. 1, Bloc T1 sc3, Etaj 9, Apt. 102, Cluj-Napoca',NULL,NULL,NULL,NULL,NULL,'married',NULL,NULL,NULL,NULL,NULL,NULL),
 (1226,'Eva','Kovacs','Str. Grigore Alexandrescu, Nr. 1, Bloc K8 sc4, Etaj -, Apt. 43, Cluj-Napoca',NULL,NULL,NULL,NULL,NULL,'',NULL,NULL,NULL,NULL,NULL,NULL),
 (1227,'Andreea','Costea','Str. Aleea Cioplea, Nr. 17, Bloc S14, Etaj sc1, Apt. 2, Cluj-Napoca',NULL,NULL,NULL,NULL,NULL,'',NULL,NULL,NULL,NULL,NULL,NULL),
 (1228,'Ligia','Fodorean','Str. Mogosoaia, Nr. 2, Bloc sc2, Etaj P, Apt. 12, Cluj-Napoca',NULL,'421334',NULL,NULL,NULL,'married',NULL,NULL,NULL,NULL,NULL,NULL),
 (1229,'Carmen Ioana','Cuibus','Str. Calea Floresti, Nr. 81, Bloc V5 sc6, Etaj 2, Apt. 147, Cluj-Napoca',NULL,NULL,NULL,NULL,NULL,'married',NULL,NULL,NULL,NULL,NULL,NULL),
 (1230,'Maria','Gavrilut','Str. Mehedinti, Nr. 55-57, Bloc C9 sc1, Etaj 4, Apt. 30, Cluj-Napoca',NULL,'422633',NULL,NULL,NULL,'',NULL,NULL,NULL,NULL,NULL,NULL),
 (1231,'Danut','Nierghes','Str. Calea Floresti, Nr. 81, Bloc V5 sc3, Etaj 7, Apt. -, Cluj-Napoca',NULL,NULL,NULL,NULL,NULL,'',NULL,NULL,NULL,NULL,NULL,NULL),
 (1232,'Florin','Scurtu','Str. M-sal Ion Antonescu, Nr. 2, Bloc S4 sc5, Etaj 8, Apt. 195, Cluj-Napoca',NULL,'571221',NULL,NULL,NULL,'married',NULL,NULL,NULL,NULL,NULL,NULL),
 (1233,'Tabita Flavia','Scurtu','Str. M-sal Ion Antonescu, Nr. 2, Bloc S4 sc5, Etaj 8, Apt. 195, Cluj-Napoca',NULL,'571221',NULL,NULL,NULL,'married',NULL,NULL,NULL,NULL,NULL,NULL),
 (1234,'Liviu','Ferghete','Str. Stephenson, Nr. 3, Bloc -, Etaj 3, Apt. 61, Cluj-Napoca',NULL,NULL,NULL,NULL,NULL,'married',NULL,NULL,NULL,NULL,NULL,NULL),
 (1235,'Lidia','Boar','Str. Almasului, Nr. 7, Bloc S sc1, Etaj 4, Apt. 9, Cluj-Napoca',NULL,'570171',NULL,NULL,NULL,'',NULL,NULL,NULL,NULL,NULL,NULL),
 (1236,'Sara Nicoleta','Fesnic','Str. Ion Mester, Nr. 1, Bloc O1 sc3, Etaj 1, Apt. 27, Cluj-Napoca',NULL,'425450',NULL,NULL,NULL,'',NULL,NULL,NULL,NULL,NULL,NULL),
 (1237,'Maria','Buda','Str. Retezat, Nr. 3, Bloc P2 sc5, Etaj -, Apt. 82, Cluj-Napoca',NULL,'579814',NULL,NULL,NULL,'widow(er)',NULL,NULL,NULL,NULL,NULL,NULL),
 (1238,'Ispas','Moldovan','Str. M-sal Ion Antonescu, Nr. 6, Bloc S2, Etaj -, Apt. 37, Cluj-Napoca',NULL,NULL,NULL,NULL,NULL,'',NULL,NULL,NULL,NULL,NULL,NULL),
 (1239,'Eva','Felecan','Str. Calea Floresti, Nr. 2, Bloc A1, Etaj -, Apt. 1, Cluj-Napoca',NULL,'427328',NULL,NULL,NULL,'',NULL,NULL,NULL,NULL,NULL,NULL),
 (1240,'Dumitru','Ianc','Str. Campului, Nr. 38, Bloc P, Etaj -, Apt. 37, Cluj-Napoca',NULL,'423637',NULL,NULL,NULL,'',NULL,NULL,NULL,NULL,NULL,NULL),
 (1241,'Ioan','Soimos','Str. Plopilor, Nr. 34, Bloc C scA, Etaj 3, Apt. -, Cluj-Napoca',NULL,'560625',NULL,NULL,NULL,'married',NULL,NULL,NULL,NULL,NULL,NULL),
 (1242,'Marin','Maja','Str. Islazului, Nr. 8, Bloc -, Etaj 6, Apt. 90, Cluj-Napoca',NULL,'562953',NULL,NULL,NULL,'married',NULL,NULL,NULL,NULL,NULL,NULL),
 (1243,'Ioan','Ruge','Str. Rarau, Nr. 30, Bloc -, Etaj -, Apt. -, Cluj-Napoca',NULL,NULL,NULL,NULL,NULL,'married',NULL,NULL,NULL,NULL,NULL,NULL),
 (1244,'Ileana','Ruge','Str. Rarau, Nr. 30, Bloc -, Etaj -, Apt. -, Cluj-Napoca',NULL,NULL,NULL,NULL,NULL,'married',NULL,NULL,NULL,NULL,NULL,NULL),
 (1245,'Lidia','Cimpean','Str. Ion Mester, Nr. 2, Bloc I1 sc2, Etaj P, Apt. 11, Cluj-Napoca',NULL,'591731',NULL,NULL,NULL,'',NULL,NULL,NULL,NULL,NULL,NULL),
 (1246,'Ana Maria','Cimpean','Str. Ion Mester, Nr. 2, Bloc I1 sc2, Etaj P, Apt. 11, Cluj-Napoca',NULL,'591731',NULL,NULL,NULL,'',NULL,NULL,NULL,NULL,NULL,NULL),
 (1247,'Marin','Nierghes','Str. Salciilor, Nr. 10, Bloc -, Etaj -, Apt. -, Cluj-Napoca',NULL,NULL,NULL,NULL,NULL,'married',NULL,NULL,NULL,NULL,NULL,NULL),
 (1248,'Veronica','Nierghes','Str. Salciilor, Nr. 10, Bloc -, Etaj -, Apt. -, Cluj-Napoca',NULL,NULL,NULL,NULL,NULL,'married',NULL,NULL,NULL,NULL,NULL,NULL),
 (1249,'Delia M','Balarau','Str. Bucegi, Nr. 5, Bloc A3 sc1, Etaj 8, Apt. 45, Cluj-Napoca',NULL,'578073',NULL,NULL,NULL,'',NULL,NULL,NULL,NULL,NULL,NULL),
 (1250,'Ana Maria','Ciorca','Str. Mihai Eminescu, Nr. 1, Bloc -, Etaj -, Apt. 6, Cluj-Napoca',NULL,'450008',NULL,NULL,NULL,'',NULL,NULL,NULL,NULL,NULL,NULL),
 (1251,'Monica Bianca','Cuibus','Str. Islazului, Nr. 12, Bloc B sc3, Etaj 5, Apt. 62, Cluj-Napoca',NULL,'421396',NULL,NULL,NULL,'',NULL,NULL,NULL,NULL,NULL,NULL),
 (1252,'Crucita','Caprar','Str. Fantanele, Nr. 8, Bloc V2 sc3, Etaj 2, Apt. 39, Cluj-Napoca',NULL,'586178',NULL,NULL,NULL,'married',NULL,NULL,NULL,NULL,NULL,NULL),
 (1253,'Dorina','Costea','Str. Islazului, Nr. 18, Bloc C sc1, Etaj 1, Apt. 4, Cluj-Napoca',NULL,NULL,NULL,NULL,NULL,'',NULL,NULL,NULL,NULL,NULL,NULL),
 (1254,'Mihaela','Dudut','Str. Plopilor, Nr. 60, Bloc P12, Etaj 2 sc2, Apt. 34, Cluj-Napoca',NULL,'429054',NULL,NULL,NULL,'',NULL,NULL,NULL,NULL,NULL,NULL),
 (1255,'Estera','Federiga','Str. Mehedinti, Nr. 1-3, Bloc C1 sc2, Etaj 3, Apt. 85, Cluj-Napoca',NULL,NULL,NULL,NULL,NULL,'',NULL,NULL,NULL,NULL,NULL,NULL),
 (1256,'Rudi','Lacatus','Str. Stramba, Nr. 12, Bloc -, Etaj -, Apt. -, Cluj-Napoca',NULL,NULL,NULL,NULL,NULL,'',NULL,NULL,NULL,NULL,NULL,NULL),
 (1257,'Ana Maria','Nan','Str. Plopilor, Nr. 67, Bloc P5 sc3, Etaj 2, Apt. 26, Cluj-Napoca',NULL,NULL,NULL,NULL,NULL,'married',NULL,NULL,NULL,NULL,NULL,NULL),
 (1258,'Ovidiu','Nan','Str. Plopilor, Nr. 67, Bloc P5 sc3, Etaj 2, Apt. 26, Cluj-Napoca',NULL,NULL,NULL,NULL,NULL,'married',NULL,NULL,NULL,NULL,NULL,NULL),
 (1259,'Florentin Tiberiu','Trif','Str. Cernei, Nr. 10, Bloc C75, Etaj 3 sc2, Apt. 17, Cluj-Napoca',NULL,NULL,NULL,NULL,NULL,'',NULL,NULL,NULL,NULL,NULL,NULL),
 (1260,'Vasile','Truta','Str. Clabucet, Nr. 8, Bloc P1 sc1, Etaj 1, Apt. 7, Cluj-Napoca',NULL,NULL,NULL,NULL,NULL,'married',NULL,NULL,NULL,NULL,NULL,NULL),
 (1261,'Ion','Pop','Str. Urcusului, Nr. 5, Bloc -, Etaj -, Apt. -, Cluj-Napoca',NULL,NULL,NULL,NULL,NULL,'married',NULL,NULL,NULL,NULL,NULL,NULL),
 (1262,'Lidia','Pop','Str. Urcusului, Nr. 5, Bloc -, Etaj -, Apt. -, Cluj-Napoca',NULL,NULL,NULL,NULL,NULL,'married',NULL,NULL,NULL,NULL,NULL,NULL),
 (1263,'Ioan','Ochis','Str. Hateg, Nr. 28, Bloc K2 sc1, Etaj 4, Apt. 18, Cluj-Napoca',NULL,NULL,NULL,NULL,NULL,'married',NULL,NULL,NULL,NULL,NULL,NULL),
 (1264,'Daniela','Gog','Str. Aleea Cioplea, Nr. 10, Bloc -, Etaj -, Apt. 18, Cluj-Napoca',NULL,'0788176736',NULL,NULL,NULL,'married',NULL,NULL,NULL,NULL,NULL,NULL),
 (1265,'Maria','Dudut','Str. Plopilor, Nr. 60, Bloc P12, Etaj 2 sc2, Apt. 34, Cluj-Napoca',NULL,'429054',NULL,NULL,NULL,'widow(er)',NULL,NULL,NULL,NULL,NULL,NULL),
 (1266,'Florica','Boanca','Str. Aleea Garbau, Nr. 16, Bloc -, Etaj -, Apt. 16, Cluj-Napoca',NULL,NULL,NULL,NULL,NULL,'widow(er)',NULL,NULL,NULL,NULL,NULL,NULL),
 (1267,'Sorin Alexandru','Moldovan','Str. Codrului, Nr. 35, Bloc -, Etaj -, Apt. -, Cluj-Napoca',NULL,NULL,NULL,NULL,NULL,'',NULL,NULL,NULL,NULL,NULL,NULL),
 (1268,'Mihai','Pop','Str. Ilie Macelaru, Nr. 16A, Bloc -, Etaj -, Apt. 1, Cluj-Napoca',NULL,'408011',NULL,NULL,NULL,'married',NULL,NULL,NULL,NULL,NULL,NULL),
 (1269,'Viorica','Pop','Str. Ilie Macelaru, Nr. 16A, Bloc -, Etaj -, Apt. 1, Cluj-Napoca',NULL,'408011',NULL,NULL,NULL,'married',NULL,NULL,NULL,NULL,NULL,NULL),
 (1270,'Beniamin','Resteu','Str. Calea Manastur, Nr. 70, Bloc E5, Etaj -, Apt. 8, Cluj-Napoca',NULL,'425193',NULL,NULL,NULL,'married',NULL,NULL,NULL,NULL,NULL,NULL),
 (1271,'Maria','Resteu','Str. Calea Manastur, Nr. 70, Bloc E5, Etaj -, Apt. 8, Cluj-Napoca',NULL,NULL,NULL,NULL,NULL,'married',NULL,NULL,NULL,NULL,NULL,NULL),
 (1272,'Alina Dochita','Dolha','Str. Theodor Pallady, Nr. 6F, Bloc -, Etaj -, Apt. -, Borhanci',NULL,'550850',NULL,NULL,NULL,'',NULL,NULL,NULL,NULL,NULL,NULL),
 (1273,'Marius Vasile','Dolha','Str. Theodor Pallady, Nr. 6F, Bloc -, Etaj -, Apt. -, Borhanci',NULL,'550850',NULL,NULL,NULL,'',NULL,NULL,NULL,NULL,NULL,NULL),
 (1274,'Claudia','Dascal','Str. Grigore Alexandrescu, Nr. 32, Bloc G2 sc1, Etaj 3, Apt. 16, Cluj-Napoca',NULL,'560587',NULL,NULL,NULL,'',NULL,NULL,NULL,NULL,NULL,NULL),
 (1275,'Gabriel','Duma','Str. M-sal Ion Antonescu, Nr. 2, Bloc S4 sc1, Etaj 7, Apt. 29, Cluj-Napoca',NULL,NULL,NULL,NULL,NULL,'',NULL,NULL,NULL,NULL,NULL,NULL),
 (1276,'Rodica','Jeler','Str. Mehedinti, Nr. 50-52, Bloc D6 sc2, Etaj 4, Apt. 92, Cluj-Napoca',NULL,'459495',NULL,NULL,NULL,'married',NULL,NULL,NULL,NULL,NULL,NULL),
 (1277,'Viorel','Jeler','Str. Mehedinti, Nr. 50-52, Bloc D6 sc2, Etaj 4, Apt. 92, Cluj-Napoca',NULL,'459495',NULL,NULL,NULL,'married',NULL,NULL,NULL,NULL,NULL,NULL),
 (1278,'Livia','Salagean','Str. Mehedinti, Nr. 80, Bloc G5 sc2, Etaj -, Apt. 20, Cluj-Napoca',NULL,NULL,NULL,NULL,NULL,'',NULL,NULL,NULL,NULL,NULL,NULL),
 (1279,'Sanja','Cristea','Str. M-sal Ion Antonescu, Nr. 6, Bloc S2 sc6, Etaj 1, Apt. 179, Cluj-Napoca',NULL,NULL,NULL,NULL,NULL,'',NULL,NULL,NULL,NULL,NULL,NULL),
 (1280,'Ileana','Telcean','Str. Fantanele, Nr. 7, Bloc A sc8, Etaj P, Apt. 224, Cluj-Napoca',NULL,'589650',NULL,NULL,NULL,'',NULL,NULL,NULL,NULL,NULL,NULL),
 (1281,'Andrei Ciprian','Persa','Str. Grigore Alexandrescu, Nr. 53, Bloc E6 sc2, Etaj -, Apt. 24, Cluj-Napoca',NULL,'0740172012',NULL,NULL,NULL,'married',NULL,NULL,NULL,NULL,NULL,NULL),
 (1282,'Camelia','Baraian','Str. Plopilor, Nr. 79, Bloc P17, Etaj 1 sc2, Apt. 18, Cluj-Napoca',NULL,'429572',NULL,NULL,NULL,'',NULL,NULL,NULL,NULL,NULL,NULL),
 (1283,'Levi','Bodea','Str. Ioan Oarga, Nr. 58, Bloc -, Etaj -, Apt. -, Cluj-Napoca',NULL,NULL,NULL,NULL,NULL,'',NULL,NULL,NULL,NULL,NULL,NULL),
 (1284,'Adrian','Persa','Str. M-sal Ion Antonescu, Nr. 10, Bloc D11, Etaj sc3, Apt. 38, Cluj-Napoca',NULL,NULL,NULL,NULL,NULL,'married',NULL,NULL,NULL,NULL,NULL,NULL),
 (1285,'Magdalena','Persa','Str. M-sal Ion Antonescu, Nr. 10, Bloc D11, Etaj sc3, Apt. 38, Cluj-Napoca',NULL,NULL,NULL,NULL,NULL,'married',NULL,NULL,NULL,NULL,NULL,NULL),
 (1286,'Maria Florina','Ban','Str. Brates, Nr. 16, Bloc E2 sc1, Etaj 1, Apt. 3, Cluj-Napoca',NULL,NULL,NULL,NULL,NULL,'',NULL,NULL,NULL,NULL,NULL,NULL),
 (1287,'Cristina','Boca','Str. Fantanele, Nr. 5, Bloc R sc1, Etaj P, Apt. 3, Cluj-Napoca',NULL,'585796',NULL,NULL,NULL,'married',NULL,NULL,NULL,NULL,NULL,NULL),
 (1288,'Rovin','Maris','Str. Cojocnei, Nr. 21, Bloc C sc1, Etaj -, Apt. 52, Cluj-Napoca',NULL,NULL,NULL,NULL,NULL,'',NULL,NULL,NULL,NULL,NULL,NULL),
 (1289,'Ciprian','Fodorean','Str. Malinului, Nr. 1A, Bloc -, Etaj -, Apt. -, Cluj-Napoca',NULL,'441988',NULL,NULL,NULL,'',NULL,NULL,NULL,NULL,NULL,NULL),
 (1290,'Florian','Chiorean','Str. Retezat, Nr. 2, Bloc N3 sc2, Etaj 2, Apt. 32, Cluj-Napoca',NULL,'459790',NULL,NULL,NULL,'',NULL,NULL,NULL,NULL,NULL,NULL),
 (1291,'Catalina','Maideniuc','Str. Aleea Micus, Nr. 1, Bloc E12, Etaj sc6, Apt. 101, Cluj-Napoca',NULL,NULL,NULL,NULL,NULL,'',NULL,NULL,NULL,NULL,NULL,NULL),
 (1292,'Stelian','Chiorean','Str. Retezat, Nr. 2, Bloc N3 sc2, Etaj 2, Apt. 32, Cluj-Napoca',NULL,'459790',NULL,NULL,NULL,'',NULL,NULL,NULL,NULL,NULL,NULL),
 (1293,'Adrian','Faur','Str. Plopilor, Nr. 67, Bloc P5 sc1, Etaj 2, Apt. 6, Cluj-Napoca',NULL,'429345',NULL,NULL,NULL,'',NULL,NULL,NULL,NULL,NULL,NULL),
 (1294,'Ioana','Federiga','Str. Mehedinti, Nr. 1-3, Bloc C1 sc2, Etaj 3, Apt. 85, Cluj-Napoca',NULL,'450147',NULL,NULL,NULL,'',NULL,NULL,NULL,NULL,NULL,NULL),
 (1295,'Daniel','Opris','Str. Alexandru Vlahuta, Nr. 26, Bloc R1 sc4, Etaj 1, Apt. 44, Cluj-Napoca',NULL,'585635',NULL,NULL,NULL,'',NULL,NULL,NULL,NULL,NULL,NULL),
 (1296,'Bogdan','Vonica','Str. Brates, Nr. 16, Bloc E2 sc4, Etaj 2, Apt. 45, Cluj-Napoca',NULL,'452749',NULL,NULL,NULL,'married',NULL,NULL,NULL,NULL,NULL,NULL),
 (1297,'Simion','Farcas','Str. Bucegi, Nr. 11, Bloc -, Etaj -, Apt. 11, Cluj-Napoca',NULL,NULL,NULL,NULL,NULL,'married',NULL,NULL,NULL,NULL,NULL,NULL),
 (1298,'Nina','Farcas','Str. Bucegi, Nr. 11, Bloc -, Etaj -, Apt. 11, Cluj-Napoca',NULL,NULL,NULL,NULL,NULL,'married',NULL,NULL,NULL,NULL,NULL,NULL),
 (1299,'Gheorghe','Serdean','Str. M-sal Ion Antonescu, Nr. 14, Bloc sc2, Etaj 4, Apt. 23, Cluj-Napoca',NULL,NULL,NULL,NULL,NULL,'',NULL,NULL,NULL,NULL,NULL,NULL),
 (1300,'Vasile','Bunea','Str. Retezat, Nr. 2, Bloc N3 sc3, Etaj 4, Apt. 57, Cluj-Napoca',NULL,NULL,NULL,NULL,NULL,'married',NULL,NULL,NULL,NULL,NULL,NULL),
 (1301,'Vasile','Aschilean','Str. Agricultorilor, Nr. 3, Bloc D32, Etaj 1 sc5, Apt. 43, Cluj-Napoca',NULL,'569922',NULL,NULL,NULL,'',NULL,NULL,NULL,NULL,NULL,NULL),
 (1302,'Paul Daniel','Balint','Str. Mehedinti, Nr. 4, Bloc I1 sc5, Etaj -, Apt. 41, Cluj-Napoca',NULL,'572918',NULL,NULL,NULL,'married',NULL,NULL,NULL,NULL,NULL,NULL),
 (1303,'Ioan','Cimpean','Str. Ion Mester, Nr. 2, Bloc I1 sc2, Etaj P, Apt. 11, Cluj-Napoca',NULL,'591731',NULL,NULL,NULL,'',NULL,NULL,NULL,NULL,NULL,NULL),
 (1304,'Anica','Chisiu','Str. Aleea Padin, Nr. 32, Bloc B2 sc1, Etaj -, Apt. 2, Cluj-Napoca',NULL,'564230',NULL,NULL,NULL,'',NULL,NULL,NULL,NULL,NULL,NULL),
 (1305,'Adrian','Cuibus','Str. Calea Floresti, Nr. 81, Bloc V5 sc6, Etaj 2, Apt. 147, Cluj-Napoca',NULL,NULL,NULL,NULL,NULL,'married',NULL,NULL,NULL,NULL,NULL,NULL),
 (1306,'Corneliu','Cuibus','Str. Islazului, Nr. 12, Bloc B sc3, Etaj 5, Apt. 62, Cluj-Napoca',NULL,'421396',NULL,NULL,NULL,'',NULL,NULL,NULL,NULL,NULL,NULL),
 (1307,'Bianca Ioana','Vele','Str. Islazului, Nr. 18, Bloc C sc2, Etaj 1, Apt. 35, Cluj-Napoca',NULL,'421963',NULL,NULL,NULL,'married',NULL,NULL,NULL,NULL,NULL,NULL),
 (1308,'Ramona','Cuibus','Str. Islazului, Nr. 18, Bloc C sc2, Etaj 1, Apt. 35, Cluj-Napoca',NULL,'421963',NULL,NULL,NULL,'',NULL,NULL,NULL,NULL,NULL,NULL),
 (1309,'Floarea','Faragau','Str. Retezat, Nr. 3, Bloc P2 sc4, Etaj 2, Apt. 69, Cluj-Napoca',NULL,'563553',NULL,NULL,NULL,'',NULL,NULL,NULL,NULL,NULL,NULL),
 (1310,'Ramona','Balint','Str. Mehedinti, Nr. 4, Bloc I1 sc5, Etaj -, Apt. 41, Cluj-Napoca',NULL,'572918',NULL,NULL,NULL,'married',NULL,NULL,NULL,NULL,NULL,NULL),
 (1311,'Elisaveta','Laszlo','Str. Moldoveanu, Nr. 6, Bloc R15, Etaj 4 sc1, Apt. 20, Cluj-Napoca',NULL,'422545',NULL,NULL,NULL,'',NULL,NULL,NULL,NULL,NULL,NULL),
 (1312,'Ana Mihaela','Lup','Str. Aleea Cioplea, Nr. 11, Bloc S10, Etaj 1 sc1, Apt. 5, Cluj-Napoca',NULL,'458832',NULL,NULL,NULL,'',NULL,NULL,NULL,NULL,NULL,NULL),
 (1313,'A Rodica','Marc','Str. Fantanele, Nr. 1, Bloc P sc8, Etaj 1, Apt. 81, Cluj-Napoca',NULL,'585814',NULL,NULL,NULL,'',NULL,NULL,NULL,NULL,NULL,NULL),
 (1314,'Laurian','Rognean','Str. Aleea Padin, Nr. 14, Bloc C10, Etaj 5 sc1, Apt. 22, Cluj-Napoca',NULL,'569773',NULL,NULL,NULL,'married',NULL,NULL,NULL,NULL,NULL,NULL),
 (1315,'Maria','Rognean','Str. Aleea Padin, Nr. 14, Bloc C10, Etaj 5 sc1, Apt. 22, Cluj-Napoca',NULL,'569773',NULL,NULL,NULL,'married',NULL,NULL,NULL,NULL,NULL,NULL),
 (1316,'Maria Delia','Capalna','Str. Rasinari, Nr. 3, Bloc -, Etaj -, Apt. 30, Cluj-Napoca',NULL,'542863',NULL,NULL,NULL,'married',NULL,NULL,NULL,NULL,NULL,NULL),
 (1317,'Vasile Daniel','Semerean','Str. Islazului, Nr. 18, Bloc C sc2, Etaj 2, Apt. 37, Cluj-Napoca',NULL,'423584',NULL,NULL,NULL,'married',NULL,NULL,NULL,NULL,NULL,NULL),
 (1318,'Eugenia','Tatar','Str. Aleea Peana, Nr. 81, Bloc I6 sc1, Etaj 1, Apt. 3, Cluj-Napoca',NULL,'565059',NULL,NULL,NULL,'',NULL,NULL,NULL,NULL,NULL,NULL),
 (1319,'Monica','Zeciu','Str. Sesului, Nr. 2, Bloc S2 sc1, Etaj -, Apt. 8, Cluj-Napoca',NULL,'429346',NULL,NULL,NULL,'',NULL,NULL,NULL,NULL,NULL,NULL),
 (1320,'Camelia Adriana','Ilisan','Str. Bucegi, Nr. 11, Bloc A1, Etaj 9, Apt. 159, Cluj-Napoca',NULL,'0745464318',NULL,NULL,NULL,'',NULL,NULL,NULL,NULL,NULL,NULL),
 (1321,'Raluca','Tarau Pop','Str. Aleea Cioplea, Nr. 1, Bloc S6 sc1, Etaj 3, Apt. 15, Cluj-Napoca',NULL,NULL,NULL,NULL,NULL,'married',NULL,NULL,NULL,NULL,NULL,NULL),
 (1322,'Viorel','Souca','Str. Arinilor, Nr. 15, Bloc B5 sc1, Etaj -, Apt. 7, Cluj-Napoca',NULL,NULL,NULL,NULL,NULL,'married',NULL,NULL,NULL,NULL,NULL,NULL),
 (1323,'Valeria','Souca','Str. Arinilor, Nr. 15, Bloc B5 sc1, Etaj -, Apt. 7, Cluj-Napoca',NULL,NULL,NULL,NULL,NULL,'married',NULL,NULL,NULL,NULL,NULL,NULL),
 (1324,'Ioan','Faragau','Str. Retezat, Nr. 3, Bloc P2 sc4, Etaj 2, Apt. 69, Cluj-Napoca',NULL,'563553',NULL,NULL,NULL,'',NULL,NULL,NULL,NULL,NULL,NULL),
 (1325,'Ioan','Serdean','Str. Gen Eremia Grigoresc, Nr. 1, Bloc 1 sc4, Etaj 2, Apt. 7, Cluj-Napoca',NULL,'420977',NULL,NULL,NULL,'married',NULL,NULL,NULL,NULL,NULL,NULL),
 (1326,'Firuta','Neacsu','Str. Calea Manastur, Nr. 99, Bloc G3 sc2, Etaj 5, Apt. 54, Cluj-Napoca',NULL,'426722',NULL,NULL,NULL,'',NULL,NULL,NULL,NULL,NULL,NULL),
 (1327,'Maria','Mirza','Str. B-dul 1Decembrie1918, Nr. 124, Bloc E1 sc1, Etaj 1, Apt. 1, Cluj-Napoca',NULL,NULL,NULL,NULL,NULL,'',NULL,NULL,NULL,NULL,NULL,NULL),
 (1328,'Maria','Kibicher','Str. Grigore Alexandrescu, Nr. 10, Bloc N2 sc2, Etaj 3, Apt. 33, Cluj-Napoca',NULL,'565919',NULL,NULL,NULL,'',NULL,NULL,NULL,NULL,NULL,NULL),
 (1329,'Ioana Andreea','Turc','Str. Retezat, Nr. 3, Bloc P2 sc4, Etaj 2, Apt. 69, Cluj-Napoca',NULL,'0745234903',NULL,NULL,NULL,'',NULL,NULL,NULL,NULL,NULL,NULL),
 (1330,'Corneliu','Sana','Str. Mehedinti, Nr. 88, Bloc S3 sc1, Etaj 1, Apt. 3, Cluj-Napoca',NULL,'422730',NULL,NULL,NULL,'married',NULL,NULL,NULL,NULL,NULL,NULL),
 (1331,'Rebeca','Vranau','Str. Tasnad, Nr. 3, Bloc P2 sc3, Etaj 1, Apt. 28, Cluj-Napoca',NULL,'426254',NULL,NULL,NULL,'',NULL,NULL,NULL,NULL,NULL,NULL),
 (1332,'Vlad','Zeciu','Str. Sesului, Nr. 2, Bloc S2 sc1, Etaj 3, Apt. 8, Cluj-Napoca',NULL,'429346',NULL,NULL,NULL,'',NULL,NULL,NULL,NULL,NULL,NULL),
 (1333,'Margareta','Gaciu','Str. Campului, Nr. 42, Bloc -, Etaj -, Apt. 39, Cluj-Napoca',NULL,NULL,NULL,NULL,NULL,'married',NULL,NULL,NULL,NULL,NULL,NULL),
 (1334,'Dan','Jeler','Str. Pasteur, Nr. 59, Bloc -, Etaj -, Apt. 8, Cluj-Napoca',NULL,NULL,NULL,NULL,NULL,'married',NULL,NULL,NULL,NULL,NULL,NULL),
 (1335,'Veronica','Jeler','Str. Pasteur, Nr. 59, Bloc -, Etaj -, Apt. 8, Cluj-Napoca',NULL,NULL,NULL,NULL,NULL,'married',NULL,NULL,NULL,NULL,NULL,NULL),
 (1336,'Vasile','Nanica','Str. Gheorghe Dima, Nr. 6, Bloc sc2, Etaj 1, Apt. 11, Cluj-Napoca',NULL,NULL,NULL,NULL,NULL,'',NULL,NULL,NULL,NULL,NULL,NULL),
 (1337,'Stefan','Pantel','Str. Clabucet, Nr. 2, Bloc P4 sc2, Etaj 10, Apt. 129, Cluj-Napoca',NULL,NULL,NULL,NULL,NULL,'married',NULL,NULL,NULL,NULL,NULL,NULL),
 (1338,'Voichita','Pantel','Str. Clabucet, Nr. 2, Bloc P4 sc2, Etaj 10, Apt. 129, Cluj-Napoca',NULL,NULL,NULL,NULL,NULL,'married',NULL,NULL,NULL,NULL,NULL,NULL),
 (1339,'Pavel','Negrean','Str. Mehedinti, Nr. 17, Bloc O2 sc1, Etaj -, Apt. 2, Cluj-Napoca',NULL,NULL,NULL,NULL,NULL,'',NULL,NULL,NULL,NULL,NULL,NULL),
 (1340,'Andrei','Cretu','Str. Moldoveanu, Nr. 17, Bloc R4 sc1, Etaj 3, Apt. 16, Cluj-Napoca',NULL,'565905',NULL,NULL,NULL,'',NULL,NULL,NULL,NULL,NULL,NULL),
 (1341,'Daniel','Gadalean','Str. Valea Fanatelor, Nr. 15, Bloc -, Etaj -, Apt. -, Cluj-Napoca',NULL,NULL,NULL,NULL,NULL,'married',NULL,NULL,NULL,NULL,NULL,NULL),
 (1342,'Garofita Ana','Gadalean','Str. Valea Fanatelor, Nr. 15, Bloc -, Etaj -, Apt. -, Cluj-Napoca',NULL,NULL,NULL,NULL,NULL,'married',NULL,NULL,NULL,NULL,NULL,NULL),
 (1343,'Alexandra','Scurtu','Str. Honore de Balzac, Nr. 12A, Bloc -, Etaj -, Apt. -, Cluj-Napoca',NULL,NULL,NULL,NULL,NULL,'married',NULL,NULL,NULL,NULL,NULL,NULL),
 (1344,'Tudor','Dregan','Str. Sesului, Nr. 2, Bloc S2 sc4, Etaj 3, Apt. 38, Cluj-Napoca',NULL,'429369',NULL,NULL,NULL,'',NULL,NULL,NULL,NULL,NULL,NULL),
 (1345,'Marinela','Domsa','Str. Mehedinti, Nr. 51-53, Bloc sc2, Etaj p, Apt. 71, Cluj-Napoca',NULL,'422820',NULL,NULL,NULL,'',NULL,NULL,NULL,NULL,NULL,NULL),
 (1346,'Cristian','Faur','Str. Plopilor, Nr. 67, Bloc P5 sc1, Etaj 3, Apt. 6, Cluj-Napoca',NULL,'429345',NULL,NULL,NULL,'',NULL,NULL,NULL,NULL,NULL,NULL),
 (1347,'Aurel','Felecan','Str. Calea Floresti, Nr. 2, Bloc A1A, Etaj 1 sc1, Apt. 1, Cluj-Napoca',NULL,'427328',NULL,NULL,NULL,'',NULL,NULL,NULL,NULL,NULL,NULL),
 (1348,'Achim','Gavrilut','Str. Mehedinti, Nr. 55-57, Bloc C9 sc1, Etaj 4, Apt. 30, Cluj-Napoca',NULL,'422633',NULL,NULL,NULL,'',NULL,NULL,NULL,NULL,NULL,NULL),
 (1349,'Liana Marcela','Gaciu','Str. Izlazului, Nr. 4, Bloc A3 sc3, Etaj et6, Apt. 95, Cluj-Napoca',NULL,'459816',NULL,NULL,NULL,'',NULL,NULL,NULL,NULL,NULL,NULL),
 (1350,'Viorica','Iacoblef','Str. Micus, Nr. 1, Bloc E12, Etaj 4 sc7, Apt. 138, Cluj-Napoca',NULL,'560616',NULL,NULL,NULL,'',NULL,NULL,NULL,NULL,NULL,NULL),
 (1351,'Maria','Moldovan','Str. Mehedinti, Nr. 6, Bloc H1, Etaj p, Apt. 1, Cluj-Napoca',NULL,'571415',NULL,NULL,NULL,'',NULL,NULL,NULL,NULL,NULL,NULL),
 (1352,'Veronica','Moldovan','Str. Codrului, Nr. 34A, Bloc -, Etaj -, Apt. -, Cluj-Napoca',NULL,'0741020101',NULL,NULL,NULL,'',NULL,NULL,NULL,NULL,NULL,NULL),
 (1353,'Alin','Neag','Str. 117, Nr. -, Bloc -, Etaj -, Apt. -, Vilcele',NULL,'0745231610',NULL,NULL,NULL,'',NULL,NULL,NULL,NULL,NULL,NULL),
 (1354,'Roxana Viorela','Pop','Str. M-sal Ion Antonescu, Nr. 2, Bloc S4 sc8, Etaj 3, Apt. 300, Cluj-Napoca',NULL,'565722',NULL,NULL,NULL,'',NULL,NULL,NULL,NULL,NULL,NULL),
 (1355,'Victoria','Pop','Str. Campului, Nr. 38, Bloc P sc2, Etaj 4, Apt. 20, Cluj-Napoca',NULL,'459831',NULL,NULL,NULL,'',NULL,NULL,NULL,NULL,NULL,NULL),
 (1356,'Maria','Pop','Str. Ilie Macelaru, Nr. 16A, Bloc -, Etaj -, Apt. 1, Cluj-Napoca',NULL,'408011',NULL,NULL,NULL,'',NULL,NULL,NULL,NULL,NULL,NULL),
 (1357,'Marian Marius','Ursut','Str. Belteni, Nr. 279, Bloc -, Etaj -, Apt. -, Bontida',NULL,NULL,NULL,NULL,NULL,'',NULL,NULL,NULL,NULL,NULL,NULL),
 (1358,'Marin Dan','Bot','Str. M-sal Ion Antonescu, Nr. 24, Bloc D23, Etaj 2, Apt. 15, Cluj-Napoca',NULL,'0723009244',NULL,NULL,NULL,'married',NULL,NULL,NULL,NULL,NULL,NULL),
 (1359,'Cosmina','Bot','Str. M-sal Ion Antonescu, Nr. 24, Bloc D23, Etaj 2, Apt. 15, Cluj-Napoca',NULL,'0741908292',NULL,NULL,NULL,'married',NULL,NULL,NULL,NULL,NULL,NULL),
 (1360,'Ioan Cornel','Steopan','Str. Aleea Garbau, Nr. 18, Bloc K1 sc3, Etaj 3, Apt. 75, Cluj-Napoca',NULL,'0740586219',NULL,NULL,NULL,'married',NULL,NULL,NULL,NULL,NULL,NULL),
 (1361,'Livia','Steopan','Str. Aleea Garbau, Nr. 18, Bloc K1 sc3, Etaj 3, Apt. 75, Cluj-Napoca',NULL,'0744578173',NULL,NULL,NULL,'married',NULL,NULL,NULL,NULL,NULL,NULL),
 (1362,'Valeriu Gheorghe','Gogosanu','Str. Bucegi, Nr. 11, Bloc A1 sc1, Etaj 1, Apt. 24, Cluj-Napoca',NULL,'423896',NULL,NULL,NULL,'married',NULL,NULL,NULL,NULL,NULL,NULL),
 (1363,'Lidia','Homan','Str. Moldoveanu, Nr. 17, Bloc R4 sc1, Etaj 3, Apt. 16, Cluj-Napoca',NULL,'565905',NULL,NULL,NULL,'married',NULL,NULL,NULL,NULL,NULL,NULL),
 (1364,'Gligor','Dardai','Str. Grigore Alexandrescu, Nr. 17, Bloc T3 sc1, Etaj 9, Apt. 28, Cluj-Napoca',NULL,'572897',NULL,NULL,NULL,'',NULL,NULL,NULL,NULL,NULL,NULL),
 (1365,'Ion Cosmin','Stancu','Str. Primaverii, Nr. 24, Bloc D23, Etaj -, Apt. 15, Cluj-Napoca',NULL,'0740128099',NULL,NULL,NULL,'married',NULL,NULL,NULL,NULL,NULL,NULL),
 (1366,'Alina','Stancu','Str. Primaverii, Nr. 24, Bloc D23, Etaj -, Apt. 15, Cluj-Napoca',NULL,'0740128099',NULL,NULL,NULL,'married',NULL,NULL,NULL,NULL,NULL,NULL),
 (1367,'Maria','Pop','Str. Primaverii, Nr. 2, Bloc S4 sc5, Etaj P, Apt. 162, Cluj-Napoca',NULL,NULL,NULL,NULL,NULL,'married',NULL,NULL,NULL,NULL,NULL,NULL),
 (1368,'Vasile','Marc','Str. Al Vlahuta, Nr. 26, Bloc R1 sc4, Etaj 3, Apt. 48, Cluj-Napoca',NULL,'582981',NULL,NULL,NULL,'married',NULL,NULL,NULL,NULL,NULL,NULL),
 (1369,'Livia Maria','Marc','Str. Al Vlahuta, Nr. 26, Bloc R1 sc4, Etaj 3, Apt. 48, Cluj-Napoca',NULL,'582981',NULL,NULL,NULL,'married',NULL,NULL,NULL,NULL,NULL,NULL),
 (1370,'Dorin','Bara','Str. Traian, Nr. 19A, Bloc sc1, Etaj 1, Apt. 3, Baia Mare',NULL,'0744595651',NULL,NULL,NULL,'married',NULL,NULL,NULL,NULL,NULL,NULL),
 (1371,'Olguta','Boca','Str. Ion Mester, Nr. 1, Bloc O1 sc9, Etaj 3, Apt. 87, Cluj-Napoca',NULL,'421579',NULL,NULL,NULL,'',NULL,NULL,NULL,NULL,NULL,NULL),
 (1372,'Daniel Ioan','Dolha','Str. Theodor Pallady, Nr. 6F, Bloc -, Etaj -, Apt. -, Borhanci',NULL,'550850',NULL,NULL,NULL,'',NULL,NULL,NULL,NULL,NULL,NULL),
 (1373,'Adrian','Dolha','Str. Theodor Pallady, Nr. 6F, Bloc -, Etaj -, Apt. -, Borhanci',NULL,'550850',NULL,NULL,NULL,'',NULL,NULL,NULL,NULL,NULL,NULL),
 (1374,'Bogdan','Faragau','Str. Mogosoaia, Nr. 7, Bloc L1 sc8, Etaj 1, Apt. 74, Cluj-Napoca',NULL,'459939',NULL,NULL,NULL,'',NULL,NULL,NULL,NULL,NULL,NULL),
 (1375,'Adrian Pavel','Nan','Str. Aleea Cioplea, Nr. 10, Bloc S12, Etaj 3 sc2, Apt. 21, Cluj-Napoca',NULL,'423836',NULL,NULL,NULL,'',NULL,NULL,NULL,NULL,NULL,NULL),
 (1376,'Marian Florin','Rus','Str. Ion Mester, Nr. 2, Bloc I1 sc1, Etaj P, Apt. 1, Cluj-Napoca',NULL,'561375',NULL,NULL,NULL,'married',NULL,NULL,NULL,NULL,NULL,NULL),
 (1377,'Marius','Scurtu','Str. Honore de Balzac, Nr. 12A, Bloc -, Etaj -, Apt. -, Cluj-Napoca',NULL,'586934',NULL,NULL,NULL,'married',NULL,NULL,NULL,NULL,NULL,NULL),
 (1378,'Daniela','Rus','Str. Mehedinti, Nr. 31, Bloc E4 sc2, Etaj 3, Apt. 17, Cluj-Napoca',NULL,'561375',NULL,NULL,NULL,'married',NULL,NULL,NULL,NULL,NULL,NULL),
 (1379,'Gabriela Dalia','Viman','Str. Gheorghe Doja, Nr. 24, Bloc -, Etaj -, Apt. -, Jibou',NULL,'0740034939',NULL,NULL,NULL,'',NULL,NULL,NULL,NULL,NULL,NULL),
 (1380,'Iosif','Chiorean','Str. Frunzisului, Nr. 29, Bloc -, Etaj -, Apt. -, Cluj-Napoca',NULL,'458628',NULL,NULL,NULL,'married',NULL,NULL,NULL,NULL,NULL,NULL),
 (1381,'Emilia','Chiorean','Str. Frunzisului, Nr. 29, Bloc -, Etaj -, Apt. -, Cluj-Napoca',NULL,'458628',NULL,NULL,NULL,'married',NULL,NULL,NULL,NULL,NULL,NULL),
 (1382,'Ioan','Chiorean','Str. Frunzisului, Nr. 29, Bloc -, Etaj -, Apt. -, Cluj-Napoca',NULL,'459721',NULL,NULL,NULL,'single',NULL,NULL,NULL,NULL,NULL,NULL),
 (1383,'Lenuta','Chiorean','Str. Frunzisului, Nr. 29, Bloc -, Etaj -, Apt. -, Cluj-Napoca',NULL,'459721',NULL,NULL,NULL,'married',NULL,NULL,NULL,NULL,NULL,NULL),
 (1384,'Daniel','Ilisan','Str. Miraslau, Nr. 4, Bloc B3 sc2, Etaj -, Apt. 46, Cluj-Napoca',NULL,'585597',NULL,NULL,NULL,'married',NULL,NULL,NULL,NULL,NULL,NULL),
 (1385,'Mariana','Ilisan','Str. Miraslau, Nr. 4, Bloc B3 sc2, Etaj -, Apt. 46, Cluj-Napoca',NULL,'585597',NULL,NULL,NULL,'married',NULL,NULL,NULL,NULL,NULL,NULL),
 (1386,'Stelian','Adam','Str. Agricultorilor, Nr. 3, Bloc B32, Etaj 3 sc1, Apt. 7, Cluj-Napoca',NULL,'0723294830',NULL,NULL,NULL,'married',NULL,NULL,NULL,NULL,NULL,NULL),
 (1387,'Carmen','Vonica','Str. Remetea, Nr. 19, Bloc -, Etaj -, Apt. -, Cluj-Napoca',NULL,NULL,NULL,NULL,NULL,'married',NULL,NULL,NULL,NULL,NULL,NULL),
 (1388,'Anca Ioana','Chiorean','Str. Frunzisului, Nr. 29, Bloc -, Etaj -, Apt. -, Cluj-Napoca',NULL,'459721',NULL,NULL,NULL,'',NULL,NULL,NULL,NULL,NULL,NULL),
 (1389,'Bogdan Ioan','Chiorean','Str. Frunzisului, Nr. 29, Bloc -, Etaj -, Apt. -, Cluj-Napoca',NULL,'459721',NULL,NULL,NULL,'married',NULL,NULL,NULL,NULL,NULL,NULL),
 (1390,'Marinela','Berendi','Str. Ion Mester, Nr. 6, Bloc J sc4, Etaj 2, Apt. 111, Cluj-Napoca',NULL,'422078',NULL,NULL,NULL,'married',NULL,NULL,NULL,NULL,NULL,NULL),
 (1391,'Traian','Plesa','Str. Fantanele, Nr. 44, Bloc V4 sc1, Etaj 4, Apt. 19, Cluj-Napoca',NULL,'583684',NULL,NULL,NULL,'',NULL,NULL,NULL,NULL,NULL,NULL),
 (1392,'Corneliu','Plesa','Str. Plopilor, Nr. 71, Bloc P9 sc3, Etaj P, Apt. 25, Cluj-Napoca',NULL,'582713',NULL,NULL,NULL,'married',NULL,NULL,NULL,NULL,NULL,NULL),
 (1393,'Semida','Plesa','Str. Plopilor, Nr. 71, Bloc P9 sc3, Etaj P, Apt. 25, Cluj-Napoca',NULL,'582713',NULL,NULL,NULL,'married',NULL,NULL,NULL,NULL,NULL,NULL),
 (1394,'Andreea Persida','Plesa','Str. Plopilor, Nr. 71, Bloc P9 sc3, Etaj P, Apt. 25, Cluj-Napoca',NULL,'582713',NULL,NULL,NULL,'',NULL,NULL,NULL,NULL,NULL,NULL),
 (1395,'Eniko Andrada','Rusu','Str. Andrei Muresanu, Nr. 2, Bloc -, Etaj -, Apt. -, Cluj-Napoca',NULL,'443345',NULL,NULL,NULL,'',NULL,NULL,NULL,NULL,NULL,NULL),
 (1396,'Marcel','Stoica','Str. Moldoveanu, Nr. 10, Bloc R7 sc1, Etaj 2, Apt. 10, Cluj-Napoca',NULL,'4573047',NULL,NULL,NULL,'',NULL,NULL,NULL,NULL,NULL,NULL),
 (1397,'Ioan Teofil','Gaciu','Str. Negoiu, Nr. 6, Bloc G13, Etaj sc3, Apt. 22, Cluj-Napoca',NULL,'459114',NULL,NULL,NULL,'married',NULL,NULL,NULL,NULL,NULL,NULL),
 (1398,'Romelia','Suciu','Str. Plopilor, Nr. 58, Bloc P14, Etaj sc1, Apt. 2, Cluj-Napoca',NULL,'587348',NULL,NULL,NULL,'',NULL,NULL,NULL,NULL,NULL,NULL),
 (1399,'Andrei','Ciuciui','Str. Plopilor, Nr. 58, Bloc P14, Etaj 4 sc1, Apt. 13, Cluj-Napoca',NULL,'429077',NULL,NULL,NULL,'married',NULL,NULL,NULL,NULL,NULL,NULL),
 (1400,'Ana','Ciuciui','Str. Plopilor, Nr. 58, Bloc P14, Etaj 4 sc1, Apt. 13, Cluj-Napoca',NULL,'429077',NULL,NULL,NULL,'married',NULL,NULL,NULL,NULL,NULL,NULL),
 (1401,'Alina Stefana','Ciuciui','Str. Plopilo, Nr. 58, Bloc P14, Etaj 4 sc1, Apt. 13, Cluj-Napoca',NULL,'429077',NULL,NULL,NULL,'',NULL,NULL,NULL,NULL,NULL,NULL),
 (1402,'Mariana','Popan','Str. Calea Floresti, Nr. 81, Bloc V5 sc4, Etaj 6, Apt. 106, Cluj-Napoca',NULL,'425622',NULL,NULL,NULL,'married',NULL,NULL,NULL,NULL,NULL,NULL),
 (1403,'Stefania','Popan','Str. Calea Floresti, Nr. 81, Bloc V5 sc4, Etaj 6, Apt. 106, Cluj-Napoca',NULL,'425622',NULL,NULL,NULL,'',NULL,NULL,NULL,NULL,NULL,NULL),
 (1404,'Susana','Iepure','Str. Calea Floresti, Nr. 4, Bloc B1, Etaj 8, Apt. 69, Cluj-Napoca',NULL,NULL,NULL,NULL,NULL,'widow(er)',NULL,NULL,NULL,NULL,NULL,NULL),
 (1405,'Daniela','Budusan','Str. Ion Mester, Nr. 6, Bloc J sc4, Etaj 2, Apt. 114, Cluj-Napoca',NULL,'575195',NULL,NULL,NULL,'',NULL,NULL,NULL,NULL,NULL,NULL),
 (1406,'Victor','Crisan','Str. Calea Manastur, Nr. 97, Bloc G2 sc1, Etaj 2, Apt. 10, Cluj-Napoca',NULL,'426734',NULL,NULL,NULL,'',NULL,NULL,NULL,NULL,NULL,NULL),
 (1407,'Mihai Sergiu','Bilc','Str. Almasului, Nr. 5, Bloc S sc4, Etaj 4, Apt. 40, Cluj-Napoca',NULL,'421076',NULL,NULL,NULL,'',NULL,NULL,NULL,NULL,NULL,NULL),
 (1408,'Roberta Andreea','Boies','Str. Taberei, Nr. 4, Bloc 5 sc1, Etaj 4, Apt. 76, Cluj-Napoca',NULL,NULL,NULL,NULL,NULL,'',NULL,NULL,NULL,NULL,NULL,NULL),
 (1409,'Gabriela','Catinas','Str. Gurghiu, Nr. 2, Bloc O1 sc1, Etaj 3, Apt. 16, Cluj-Napoca',NULL,'567840',NULL,NULL,NULL,'',NULL,NULL,NULL,NULL,NULL,NULL),
 (1410,'Laura','Costea','Str. Cioplea, Nr. 17, Bloc S14, Etaj sc1, Apt. 2, Cluj-Napoca',NULL,'422767',NULL,NULL,NULL,'',NULL,NULL,NULL,NULL,NULL,NULL),
 (1411,'Adriana Ligia','Dan','Str. Izlazului, Nr. 12, Bloc B sc2, Etaj 4, Apt. 36, Cluj-Napoca',NULL,NULL,NULL,NULL,NULL,'',NULL,NULL,NULL,NULL,NULL,NULL),
 (1412,'Florin','Dolha','Str. Theodor Pallady, Nr. 6F, Bloc -, Etaj -, Apt. -, Cluj-Napoca',NULL,'550850',NULL,NULL,NULL,'',NULL,NULL,NULL,NULL,NULL,NULL),
 (1413,'Stefania','Fodorean','Str. Malinului, Nr. 1A, Bloc -, Etaj -, Apt. -, Cluj-Napoca',NULL,'441988',NULL,NULL,NULL,'',NULL,NULL,NULL,NULL,NULL,NULL),
 (1414,'Roxana Dumitrita','Frandes','Str. Clabucet, Nr. 4, Bloc P3 sc1, Etaj 3, Apt. 19, Cluj-Napoca',NULL,'571160',NULL,NULL,NULL,'',NULL,NULL,NULL,NULL,NULL,NULL),
 (1415,'Dinu Vlad','Gordan','Str. Mehedinti, Nr. 88, Bloc S3 sc3, Etaj 1, Apt. 23, Cluj-Napoca',NULL,'422739',NULL,NULL,NULL,'',NULL,NULL,NULL,NULL,NULL,NULL),
 (1416,'Fineas Iacob','Muresan','Str. Negoiu, Nr. 8, Bloc G10, Etaj 1 sc2, Apt. 14, Cluj-Napoca',NULL,'480649',NULL,NULL,NULL,'',NULL,NULL,NULL,NULL,NULL,NULL),
 (1417,'Daniel','Pop','Str. Retezat, Nr. 1, Bloc R2 sc4, Etaj 2, Apt. 70, Cluj-Napoca',NULL,'457602',NULL,NULL,NULL,'',NULL,NULL,NULL,NULL,NULL,NULL),
 (1418,'Cornel','Pop','Str. Ilie Macelaru, Nr. 16A, Bloc -, Etaj -, Apt. 1, Cluj-Napoca',NULL,'408011',NULL,NULL,NULL,'',NULL,NULL,NULL,NULL,NULL,NULL),
 (1419,'Petre','Pop','Str. Ilie Macelaru, Nr. 16A, Bloc -, Etaj -, Apt. 1, Cluj-Napoca',NULL,'408011',NULL,NULL,NULL,'',NULL,NULL,NULL,NULL,NULL,NULL),
 (1420,'Corina','Sagau','Str. Parang, Nr. 37, Bloc T2, Etaj 5, Apt. 95, Cluj-Napoca',NULL,'575958',NULL,NULL,NULL,'',NULL,NULL,NULL,NULL,NULL,NULL),
 (1421,'Daniel','Tarau Pop','Str. Aleea Cioplea, Nr. 1, Bloc S6 sc1, Etaj 3, Apt. 15, Cluj-Napoca',NULL,'0742503852',NULL,NULL,NULL,'married',NULL,NULL,NULL,NULL,NULL,NULL),
 (1422,'Ligia Susana','Satmarean','Str. Ion Mester, Nr. 5, Bloc D sc3, Etaj 5, Apt. 62, Cluj-Napoca',NULL,'422017',NULL,NULL,NULL,'married',NULL,NULL,NULL,NULL,NULL,NULL),
 (1423,'Gelu','Crainic','Str. Grigore Alexandrescu, Nr. 19, Bloc sc2, Etaj 4, Apt. 20, Cluj-Napoca',NULL,'567044',NULL,NULL,NULL,'married',NULL,NULL,NULL,NULL,NULL,NULL),
 (1424,'Mirela','Crainic','Str. Grigore Alexandrescu, Nr. 19, Bloc sc2, Etaj 4, Apt. 20, Cluj-Napoca',NULL,'567044',NULL,NULL,NULL,'married',NULL,NULL,NULL,NULL,NULL,NULL),
 (1425,'Sinziana Niculina','Sava','Str. Mehedinti, Nr. 22-24, Bloc D13, Etaj 10 sc1, Apt. 44, Cluj-Napoca',NULL,'570229',NULL,NULL,NULL,'married',NULL,NULL,NULL,NULL,NULL,NULL),
 (1426,'Xue Zhi','Wang','Str. Mehedinti, Nr. 22-24, Bloc D13, Etaj 10 sc1, Apt. 44, Cluj-Napoca',NULL,'570229',NULL,NULL,NULL,'married',NULL,NULL,NULL,NULL,NULL,NULL),
 (1427,'Nicolae Valeriu','Baciu','Str. Ciucas, Nr. 5, Bloc L1 sc1, Etaj 1, Apt. 4, Cluj-Napoca',NULL,'573047',NULL,NULL,NULL,'married',NULL,NULL,NULL,NULL,NULL,NULL),
 (1428,'Monica Luminita','Baciu','Str. Ciucas, Nr. 5, Bloc L1 sc1, Etaj 1, Apt. 4, Cluj-Napoca',NULL,'573047',NULL,NULL,NULL,'married',NULL,NULL,NULL,NULL,NULL,NULL),
 (1429,'Alina','Persa','Str. Primaverii, Nr. 10, Bloc D14, Etaj 3 sc3, Apt. 38, Cluj-Napoca',NULL,NULL,NULL,NULL,NULL,'',NULL,NULL,NULL,NULL,NULL,NULL),
 (1430,'Calin','Goron','Str. Arinilor, Nr. 15, Bloc B5 sc2, Etaj 3, Apt. 52, Cluj-Napoca',NULL,'425827',NULL,NULL,NULL,'',NULL,NULL,NULL,NULL,NULL,NULL),
 (1431,'Silviu Raul','Caprar','Str. Fantanele, Nr. 8, Bloc V2 sc3, Etaj 2, Apt. 39, Cluj-Napoca',NULL,'586178',NULL,NULL,NULL,'',NULL,NULL,NULL,NULL,NULL,NULL),
 (1432,'Georgeta','Ganea','Str. Taberei, Nr. 4, Bloc C, Etaj p, Apt. 11, Cluj-Napoca',NULL,'0726144045',NULL,NULL,NULL,'married',NULL,NULL,NULL,NULL,NULL,NULL),
 (1433,'Elena','Suciu','Str. Mehedinti, Nr. 66-68, Bloc D2 sc1, Etaj -, Apt. 41, Cluj-Napoca',NULL,NULL,NULL,NULL,NULL,'',NULL,NULL,NULL,NULL,NULL,NULL),
 (1434,'Mariana','Petrulea','Str. Retezat, Nr. 2, Bloc N3, Etaj -, Apt. 48, Cluj-Napoca',NULL,NULL,NULL,NULL,NULL,'',NULL,NULL,NULL,NULL,NULL,NULL),
 (1435,'Maria','Surdu','Str. Mehedinti, Nr. 51-53, Bloc C10, Etaj 8 sc1, Apt. 54, Cluj-Napoca',NULL,NULL,NULL,NULL,NULL,'married',NULL,NULL,NULL,NULL,NULL,NULL),
 (1436,'Elisabeta','Faragau','Str. Mogosoaia, Nr. 7, Bloc L1 sc8, Etaj 1, Apt. 74, Cluj-Napoca',NULL,'459939',NULL,NULL,NULL,'widow(er)',NULL,NULL,NULL,NULL,NULL,NULL),
 (1437,'Adrian','Alb','Str. Mehedinti, Nr. 62-64, Bloc D3 sc2, Etaj 8, Apt. 78, Cluj-Napoca',NULL,'459276',NULL,NULL,NULL,'',NULL,NULL,NULL,NULL,NULL,NULL),
 (1438,'Bianca','Alb','Str. Primaverii, Nr. 8, Bloc S1 sc5, Etaj 7, Apt. 168, Cluj-Napoca',NULL,'570687',NULL,NULL,NULL,'',NULL,NULL,NULL,NULL,NULL,NULL),
 (1439,'Ovidiu Dan','Caprar','Str. Fantanele, Nr. 8, Bloc V2 sc3, Etaj 2, Apt. 39, Cluj-Napoca',NULL,'586178',NULL,NULL,NULL,'',NULL,NULL,NULL,NULL,NULL,NULL),
 (1440,'Ancuta Camelia','Chis','Str. Plopilor, Nr. 58, Bloc P14, Etaj 1 sc2, Apt. 33, Cluj-Napoca',NULL,'429111',NULL,NULL,NULL,'',NULL,NULL,NULL,NULL,NULL,NULL),
 (1441,'Iuliana','Chis','Str. Plopilor, Nr. 58, Bloc P14, Etaj 1 sc2, Apt. 33, Cluj-Napoca',NULL,'429111',NULL,NULL,NULL,'',NULL,NULL,NULL,NULL,NULL,NULL),
 (1442,'Gianina','Elciu','Str. Primaverii, Nr. 4, Bloc S3 sc1, Etaj 6, Apt. 27, Cluj-Napoca',NULL,'570322',NULL,NULL,NULL,'',NULL,NULL,NULL,NULL,NULL,NULL),
 (1443,'Daniel','Felecan','Str. Calea Floresti, Nr. 1, Bloc T1 sc1, Etaj 8, Apt. 35, Cluj-Napoca',NULL,'570382',NULL,NULL,NULL,'',NULL,NULL,NULL,NULL,NULL,NULL),
 (1444,'Morica','Gostilian','Str. Primaverii, Nr. 6, Bloc S2 sc9, Etaj 2, Apt. 386, Cluj-Napoca',NULL,'570719',NULL,NULL,NULL,'',NULL,NULL,NULL,NULL,NULL,NULL),
 (1445,'Ferencz','Kovacs','Str. Mehedinti, Nr. 17, Bloc O2 sc5, Etaj 1, Apt. 89, Cluj-Napoca',NULL,NULL,NULL,NULL,NULL,'',NULL,NULL,NULL,NULL,NULL,NULL),
 (1446,'Maria','Lingurar','Str. Taberei, Nr. 4, Bloc -, Etaj 1, Apt. 22, Cluj-Napoca',NULL,'452016fica',NULL,NULL,NULL,'',NULL,NULL,NULL,NULL,NULL,NULL),
 (1447,'Ioan','Lobont','Str. Vidraru, Nr. 1-3, Bloc C6 sc2, Etaj 9, Apt. 126, Cluj-Napoca',NULL,'0788711132',NULL,NULL,NULL,'',NULL,NULL,NULL,NULL,NULL,NULL),
 (1448,'GeorgianaValentina','Tartamus','Str. Mehedinti, Nr. 50-52, Bloc D6 sc1, Etaj 3, Apt. 22, Cluj-Napoca',NULL,'564213',NULL,NULL,NULL,'',NULL,NULL,NULL,NULL,NULL,NULL),
 (1449,'Anca Gabriela','Tita','Str. Ion Mester, Nr. 5, Bloc D sc3, Etaj 5, Apt. 62, Cluj-Napoca',NULL,'422017',NULL,NULL,NULL,'',NULL,NULL,NULL,NULL,NULL,NULL),
 (1450,'Teodosia','Safta','Str. Mehedinti, Nr. 22-24, Bloc -, Etaj -, Apt. 51, Cluj-Napoca',NULL,NULL,NULL,NULL,NULL,'married',NULL,NULL,NULL,NULL,NULL,NULL),
 (1451,'Vasile','Safta','Str. Mehedinti, Nr. 22-24, Bloc -, Etaj -, Apt. 51, Cluj-Napoca',NULL,NULL,NULL,NULL,NULL,'married',NULL,NULL,NULL,NULL,NULL,NULL),
 (1452,'Elena','Pop','Str. Fabricii de Zahar, Nr. 8, Bloc -, Etaj -, Apt. 27, Cluj-Napoca',NULL,NULL,NULL,NULL,NULL,'',NULL,NULL,NULL,NULL,NULL,NULL),
 (1453,'Vasile','Ciora','Str. Grigore Alexandrescu, Nr. 19, Bloc D36, Etaj -, Apt. 20, Cluj-Napoca',NULL,NULL,NULL,NULL,NULL,'married',NULL,NULL,NULL,NULL,NULL,NULL),
 (1454,'Valeria','Ciora','Str. Grigore Alexandrescu, Nr. 19, Bloc D36, Etaj -, Apt. 20, Cluj-Napoca',NULL,NULL,NULL,NULL,NULL,'married',NULL,NULL,NULL,NULL,NULL,NULL),
 (1455,'Lucia','Misan','Str. Vidraru, Nr. 17-19, Bloc C2 sc1, Etaj 8, Apt. 48, Cluj-Napoca',NULL,NULL,NULL,NULL,NULL,'',NULL,NULL,NULL,NULL,NULL,NULL),
 (1456,'Cristina','Alb','Str. Primaverii, Nr. 8, Bloc S1, Etaj -, Apt. 168, Cluj-Napoca',NULL,NULL,NULL,NULL,NULL,'',NULL,NULL,NULL,NULL,NULL,NULL),
 (1457,'Cristina','Alb','Str. M-sal Ion Antonescu, Nr. 8, Bloc S1 sc5, Etaj 7, Apt. 168, Cluj-Napoca',NULL,'574423',NULL,NULL,NULL,'',NULL,NULL,NULL,NULL,NULL,NULL),
 (1458,'Ligia','Creta','Str. Th. Pallady, Nr. 4G, Bloc -, Etaj -, Apt. -, Cluj-Napoca',NULL,'550898',NULL,NULL,NULL,'',NULL,NULL,NULL,NULL,NULL,NULL),
 (1459,'Claudia Daciana','Dinea','Str. Buftea, Nr. 4, Bloc -, Etaj -, Apt. 13, Cluj-Napoca',NULL,NULL,NULL,NULL,NULL,'',NULL,NULL,NULL,NULL,NULL,NULL),
 (1460,'Andrei','Dolean','Str. Tasnad, Nr. 7, Bloc P4 sc1, Etaj 2, Apt. 7, Cluj-Napoca',NULL,'426295',NULL,NULL,NULL,'',NULL,NULL,NULL,NULL,NULL,NULL),
 (1461,'Simona Claudia','Dudut','Str. Plopilor, Nr. 60, Bloc P12, Etaj 2 sc2, Apt. 34, Cluj-Napoca',NULL,'429054',NULL,NULL,NULL,'',NULL,NULL,NULL,NULL,NULL,NULL),
 (1462,'Eugen Calin','Kiraly','Str. Nadasel, Nr. 41, Bloc -, Etaj -, Apt. -, Cluj-Napoca',NULL,NULL,NULL,NULL,NULL,'',NULL,NULL,NULL,NULL,NULL,NULL),
 (1463,'Beniamin','Neaga','Str. Parang, Nr. 14, Bloc J1 sc2, Etaj 3, Apt. 34, Cluj-Napoca',NULL,'579698',NULL,NULL,NULL,'',NULL,NULL,NULL,NULL,NULL,NULL),
 (1464,'Mihai','Pop','Str. Ilie Macelaru, Nr. 16A, Bloc -, Etaj -, Apt. 1, Cluj-Napoca',NULL,'408011',NULL,NULL,NULL,'',NULL,NULL,NULL,NULL,NULL,NULL),
 (1465,'Cristina Damaris','Ruge','Str. Rarau, Nr. 30, Bloc -, Etaj -, Apt. -, Cluj-Napoca',NULL,'485325',NULL,NULL,NULL,'',NULL,NULL,NULL,NULL,NULL,NULL),
 (1466,'Bogdan','Santamarian','Str. Rasinari, Nr. 3, Bloc -, Etaj -, Apt. 30, Cluj-Napoca',NULL,'542863',NULL,NULL,NULL,'',NULL,NULL,NULL,NULL,NULL,NULL),
 (1467,'Rares','Scurtu','Str. Honore de Balzac, Nr. 12A, Bloc -, Etaj -, Apt. -, Cluj-Napoca',NULL,'0741942521',NULL,NULL,NULL,'',NULL,NULL,NULL,NULL,NULL,NULL),
 (1468,'Andreea Ioana','Sucala','Str. Splaiul Independente, Nr. 5, Bloc -, Etaj 4, Apt. 27, Cluj-Napoca',NULL,'580163',NULL,NULL,NULL,'',NULL,NULL,NULL,NULL,NULL,NULL),
 (1469,'Anca','Vonica','Str. Brates, Nr. 16, Bloc E2 sc4, Etaj 2, Apt. 45, Cluj-Napoca',NULL,'452749',NULL,NULL,NULL,'',NULL,NULL,NULL,NULL,NULL,NULL),
 (1470,'Maria','Bontidean','Str. Clabucet, Nr. 8A, Bloc -, Etaj -, Apt. 13, Cluj-Napoca',NULL,NULL,NULL,NULL,NULL,'',NULL,NULL,NULL,NULL,NULL,NULL),
 (1471,'Paulina','Popovici','Str. Plopilor, Nr. 77, Bloc P15, Etaj 4  sc4, Apt. 48, Cluj-Napoca',NULL,'429232',NULL,NULL,NULL,'widow(er)',NULL,NULL,NULL,NULL,NULL,NULL),
 (1472,'Ludovica','Patacean','Str. Primaverii, Nr. 2, Bloc S4, Etaj 3 sc3, Apt. 94, Cluj-Napoca',NULL,'562166',NULL,NULL,NULL,'married',NULL,NULL,NULL,NULL,NULL,NULL),
 (1473,'Daniel','Satmarean','Str. -, Nr. -, Bloc -, Etaj -, Apt. -, -',NULL,NULL,NULL,NULL,NULL,'married',NULL,NULL,NULL,NULL,NULL,NULL),
 (1474,'Vlad','Teodorovici','Str. -, Nr. -, Bloc -, Etaj -, Apt. -, -',NULL,NULL,NULL,NULL,NULL,'married',NULL,NULL,NULL,NULL,NULL,NULL),
 (1475,'Raluca Bianca','Mares','Str. Vidraru, Nr. 5-7, Bloc C5 sc2, Etaj -, Apt. 81, Cluj-Napoca',NULL,'422361',NULL,NULL,NULL,'married',NULL,NULL,NULL,NULL,NULL,NULL),
 (1476,'Ioan','Iepure','Str. Putna, Nr. 7, Bloc sc1, Etaj 3, Apt. 7, Cluj-Napoca',NULL,NULL,NULL,NULL,NULL,'',NULL,NULL,NULL,NULL,NULL,NULL),
 (1477,'Carmenita','Bercea','Str. 14, Nr. -, Bloc -, Etaj -, Apt. 63, Buzau',NULL,NULL,NULL,NULL,NULL,'',NULL,NULL,NULL,NULL,NULL,NULL),
 (1478,'Ileana','Boros','Str. Aleea Vidraru, Nr. 17-19, Bloc -, Etaj -, Apt. 18, Cluj-Napoca',NULL,NULL,NULL,NULL,NULL,'married',NULL,NULL,NULL,NULL,NULL,NULL),
 (1479,'Maria','Neciu','Str. Donath, Nr. 198, Bloc -, Etaj -, Apt. 23, Cluj-Napoca',NULL,NULL,NULL,NULL,NULL,'',NULL,NULL,NULL,NULL,NULL,NULL),
 (1480,'Darius','Plesa','Str. Mogosoaia, Nr. 7, Bloc -, Etaj -, Apt. 47, Cluj-Napoca',NULL,NULL,NULL,NULL,NULL,'',NULL,NULL,NULL,NULL,NULL,NULL),
 (1481,'S Ioan','Rus','Str. Primaverii, Nr. 2, Bloc S4 sc1, Etaj -, Apt. 10, Cluj-Napoca',NULL,NULL,NULL,NULL,NULL,'married',NULL,NULL,NULL,NULL,NULL,NULL),
 (1482,'Nastasia','Rus','Str. Primaverii, Nr. 2, Bloc S4 sc1, Etaj -, Apt. 10, Cluj-Napoca',NULL,NULL,NULL,NULL,NULL,'married',NULL,NULL,NULL,NULL,NULL,NULL),
 (1483,'Camelia','Rosca','Str. Calea Dorobantilor, Nr. 39-41, Bloc C scT, Etaj -, Apt. 53, Cluj-Napoca',NULL,NULL,NULL,NULL,NULL,'married',NULL,NULL,NULL,NULL,NULL,NULL),
 (1484,'Ioan Ahmed','Rosca','Str. Calea Dorobantilor, Nr. 39-41, Bloc C scT, Etaj -, Apt. 53, Cluj-Napoca',NULL,'0740413751',NULL,NULL,NULL,'married',NULL,NULL,NULL,NULL,NULL,NULL),
 (1485,'Lucretia','Bob','Str. Brates, Nr. 16, Bloc E2 sc1, Etaj -, Apt. 3, Cluj-Napoca',NULL,'573834',NULL,NULL,NULL,'',NULL,NULL,NULL,NULL,NULL,NULL),
 (1486,'Elena','Muresan','Str. Negoiu, Nr. 12, Bloc G6, Etaj -, Apt. 6, Cluj-Napoca',NULL,NULL,NULL,NULL,NULL,'',NULL,NULL,NULL,NULL,NULL,NULL),
 (1487,'Valeria','Boros','Str. Mehedinti, Nr. 61, Bloc C8 sc1, Etaj 6, Apt. 37, Cluj-Napoca',NULL,NULL,NULL,NULL,NULL,'',NULL,NULL,NULL,NULL,NULL,NULL),
 (1488,'Cornel Nicusor','Dan','Str. Motilor, Nr. 64, Bloc -, Etaj -, Apt. 12, Cluj-Napoca',NULL,NULL,NULL,NULL,NULL,'married',NULL,NULL,NULL,NULL,NULL,NULL),
 (1489,'Ovidiu','Capalna','Str. Campului, Nr. 42, Bloc -, Etaj -, Apt. 68, Cluj-Napoca',NULL,NULL,NULL,NULL,NULL,'married',NULL,NULL,NULL,NULL,NULL,NULL),
 (1490,'Samuel','Sabau','Str. -, Nr. -, Bloc -, Etaj -, Apt. -, Cluj-Napoca',NULL,NULL,NULL,NULL,NULL,'',NULL,NULL,NULL,NULL,NULL,NULL),
 (1491,'Otilia','Darlea','Str. Plopilor, Nr. 75, Bloc P13, Etaj 4 sc7, Apt. 78, Cluj-Napoca',NULL,'429520',NULL,NULL,NULL,'married',NULL,NULL,NULL,NULL,NULL,NULL),
 (1492,'Maria','Pop','Str. -, Nr. -, Bloc -, Etaj -, Apt. -, Cluj-Napoca',NULL,NULL,NULL,NULL,NULL,'',NULL,NULL,NULL,NULL,NULL,NULL),
 (1493,'Mircea','Dragan','Str. Calea Floresti, Nr. 81, Bloc -, Etaj -, Apt. -, Cluj-Napoca',NULL,NULL,NULL,NULL,NULL,'married',NULL,NULL,NULL,NULL,NULL,NULL),
 (1494,'Corina','Dragan','Str. Calea Floresti, Nr. 81, Bloc -, Etaj -, Apt. -, Cluj-Napoca',NULL,NULL,NULL,NULL,NULL,'married',NULL,NULL,NULL,NULL,NULL,NULL),
 (1495,'Mariana','Goron','Str. Grigore Alexandrescu, Nr. 53, Bloc E6 sc2, Etaj 2, Apt. 30, Cluj-Napoca',NULL,'569701',NULL,NULL,NULL,'married',NULL,NULL,NULL,NULL,NULL,NULL),
 (1496,'Luciana','Balanean','Str. I Mester, Nr. 4, Bloc E1 sc8, Etaj 4, Apt. 80, Cluj-Napoca',NULL,'459857',NULL,NULL,NULL,'',NULL,NULL,NULL,NULL,NULL,NULL),
 (1497,'Popa','Ioan','address 1','18543289423','654645645645','a@yahoo.com','','2012-06-20','single','','post-university',NULL,'CFR','gradinar sef',NULL),
 (1498,'Adrian','Popa',NULL,'','','','','2012-06-29','single','','college',NULL,'','',NULL),
 (1501,'Popa','Ana','adresa preotesei','218543289425','654645645645','a@yahoo.com','','2012-06-20','single','','post-university',NULL,'CFR','gradinar sef',NULL),
 (1502,'Popa','Alina','adresa alinutzei','218543289426','654645645645','a@yahoo.com','','2012-06-20','single','','post-university',NULL,'CFR','gradinar sef',NULL),
 (1503,'Rut','Dolha','str. Theodor Pallady, nr. 6F, Cluj-Napoca, Cluj, Romania','4324234234232','54543435453','p@yahoo.com','21 December','2008-05-13','single','fgdgfdsgdsf','gymnasium',NULL,'homie','tunder',NULL),
 (1505,'Daria','Dolha','str. Theodor Pallady, nr. 6F, Cluj-Napoca, Cluj, Romania','1850424125789','54543435453','patricia@yahoo.com','21 December','2008-05-13','remarried','fgdgfdsgdsf','post-university',NULL,'Itza','copiluta',NULL),
 (1506,'Patricia','Kass','str. Theodor Pallady, nr. 6F, Cluj-Napoca, Cluj, Romania','1850424125789','54543435453','patricia@yahoo.com','21 December','2008-05-13','remarried','fgdgfdsgdsf','post-university',NULL,'Itza','homie',NULL),
 (1507,'Patricia','Dolha','str. Theodor Pallady, nr. 6F, Cluj-Napoca, Cluj, Romania','1850424125789','54543435453','patricia@yahoo.com','21 December','2008-05-13','remarried','fgdgfdsgdsf','post-university',NULL,'Itza','homie',NULL);
/*!40000 ALTER TABLE person ENABLE KEYS */;


--
-- Definition of table user
--

DROP TABLE IF EXISTS user;
CREATE TABLE user (
  username varchar(45) NOT NULL,
  access int(11) default NULL,
  password varchar(45) default NULL,
  PRIMARY KEY  (username)
) ENGINE=InnoDB DEFAULT CHARSET=latin1;

--
-- Dumping data for table user
--

/*!40000 ALTER TABLE user DISABLE KEYS */;
INSERT intO user (username,access,password) VALUES 
 ('admin',1,'44111213ba2023ad574dda33fc27630c'),
 ('guest',2,'c2722b6ddee0fe3d3d92d25eddfb01cf');
/*!40000 ALTER TABLE user ENABLE KEYS */;




/*!40101 SET SQL_MODE=@OLD_SQL_MODE */;
/*!40014 SET FOREIGN_KEY_CHECKS=@OLD_FOREIGN_KEY_CHECKS */;
/*!40014 SET UNIQUE_CHECKS=@OLD_UNIQUE_CHECKS */;
/*!40101 SET CHARACTER_SET_CLIENT=@OLD_CHARACTER_SET_CLIENT */;
/*!40101 SET CHARACTER_SET_RESULTS=@OLD_CHARACTER_SET_RESULTS */;
/*!40101 SET COLLATION_CONNECTION=@OLD_COLLATION_CONNECTION */;
/*!40101 SET CHARACTER_SET_CLIENT=@OLD_CHARACTER_SET_CLIENT */;
